casa,genero,id_parlamentar,nome_completo,nome_eleitoral,partido,uf
senado,Masculino,1350,Aarão Steinbruch,Aarão Steinbruch,NA,NA
senado,Masculino,4865,Abdala Karin Nabut,Abdala Karin Nabut,NA,NA
senado,Masculino,168,Abdias do Nascimento,Abdias Nascimento,NA,NA
senado,Masculino,5573,Abel Rebouças São José,Abel Rebouças,PDT,NA
senado,Masculino,2832,Abelardo de Araújo Jurema,Abelardo Jurema,NA,NA
senado,Masculino,5154,Abiancy Cadoso Rosa,Abiancy Cadoso Rosa,CIDADANIA,NA
senado,Masculino,1648,Francisco Accioly Rodrigues da Costa Filho,Accioly Filho,NA,NA
senado,Masculino,2833,Achiles Almeida Cruz,Achiles Cruz,NA,NA
senado,Masculino,4981,Acir Marcos Gurgacz,Acir Gurgacz,PDT,RO
senado,Masculino,2834,Acrísio Fúlvio de Miranda Corrêa,Acrísio Corrêa,NA,NA
senado,Feminino,4815,Ada Mercedes de Mello Marques Luz,Ada Mello,PTB,NA
senado,Masculino,1357,Adalberto Correia Sena,Adalberto Sena,NA,NA
senado,Feminino,3591,Adalgisa Carvalho Moraes Sousa,Adalgisa Carvalho,NA,NA
senado,Masculino,3622,Adelmir Santana,Adelmir Santana,DEM,NA
senado,Masculino,1,Ademir Galvão Andrade,Ademir Andrade,PSB,NA
senado,Masculino,1359,Aderbal de Araújo Jurema,Aderbal Jurema,NA,NA
senado,Masculino,5918,Adilson Gomes Silva,Adilson Gomes,NA,NA
senado,Masculino,5625,Adilson Silva dos Santos,Adilson Silva dos Santos,PEN,NA
senado,Masculino,3132,Adir Cardoso Gentil,Adir Gentil,NA,NA
senado,Masculino,1052,Adir Nichio,Adir Nichio,NA,NA
senado,Masculino,1361,Adolpho de Oliveira Franco,Adolpho Franco,NA,NA
senado,Masculino,1091,Aelton José de Freitas,Aelton Freitas,PL,NA
senado,Masculino,1362,Affonso Arinos de Mello Franco,Affonso Arinos,NA,NA
senado,Masculino,346,Affonso Alves de Camargo Neto,Affonso Camargo,NA,NA
senado,Masculino,6026,Afonso Valter Parente Pinto,Afonso Parente,NA,NA
senado,Masculino,4881,Afonso Sérgio Fernandes Ribeiro,Afonso Sérgio Fernandes Ribeiro,NA,NA
senado,Masculino,131,Afrânio Augusto Figueiredo,Afrânio Augusto Figueiredo,NA,NA
senado,Masculino,1366,Afrânio Salgado Lages,Afrânio Lages,NA,NA
senado,Masculino,1367,Agenor Nunes de Maria,Agenor Maria,NA,NA
senado,Masculino,5170,Agimiro Dias da Costa,Agimiro Dias da Costa,PSDB,NA
senado,Masculino,1053,Agnelo Alves,Agnelo Alves,MDB,NA
senado,Masculino,3573,Ailton Araújo Sepúlveda,Ailton Araújo,NA,NA
senado,Masculino,123,Aires Marques,Aires Marques,NA,NA
senado,Masculino,95,Airton Chaves Rocha,Airton Chaves Rocha,NA,NA
senado,Masculino,5140,Airton Sandoval Santana,Airton Sandoval,MDB,NA
senado,Masculino,89,Albano do Prado Pimentel Franco,Albano Franco,PSDB,NA
senado,Masculino,5923,Alberto da Silva David,Alberto David,NA,NA
senado,Masculino,2838,Alberto Lavinas,Alberto Lavinas,NA,NA
senado,Masculino,1370,Alberto Pasqualini,Alberto Pasqualini,NA,NA
senado,Masculino,946,Alberto Tavares Silva,Alberto Silva,MDB,NA
senado,Masculino,209,Albino Gonçalves Boaventura,Albino Boaventura,NA,NA
senado,Masculino,124,Albino Mendes,Albino Mendes,NA,NA
senado,Masculino,2839,Albino Silva da Fonseca,Albino Silva da Fonseca,NA,NA
senado,Masculino,98,Alcides Muniz Falcão,Alcides Falcão,NA,NA
senado,Masculino,2136,Napoleão de Alencastro Guimarães,Alencastro Guimarães,NA,NA
senado,Masculino,5982,Alessandro Vieira,Alessandro Vieira,CIDADANIA,SE
senado,Masculino,2,Alexandre Alves Costa,Alexandre Costa,NA,NA
senado,Masculino,4967,Alexandre Honore Marie Thioillier Filho,Alexandre Honore Marie Thioillier Filho,NA,NA
senado,Masculino,4610,Alexandre Silveira de Oliveira,Alexandre Silveira,PSD,NA
senado,Masculino,4794,Alfredo Antonio Goulart Sade,Alfredo Antonio Goulart Sade,NA,NA
senado,Masculino,1383,Alfredo José de Campos Melo,Alfredo Campos,NA,NA
senado,Masculino,3651,Alfredo Cotait Neto,Alfredo Cotait Neto,DEM,NA
senado,Masculino,2841,Alfredo Salim Duailibe,Alfredo Duailibe,NA,NA
senado,Masculino,4527,Alfredo Pereira do Nascimento,Alfredo Nascimento,PL,NA
senado,Masculino,5962,Alisson Taveira Rocha Leal,Alisson Taveira,NA,NA
senado,Masculino,3433,José Almeida Lima,Almeida Lima,MDB,NA
senado,Masculino,1387,Almir José de Oliveira Gabriel,Almir Gabriel,NA,NA
senado,Masculino,1388,Almir Santos Pinto,Almir Pinto,NA,NA
senado,Masculino,845,Aloizio Mercadante Oliva,Aloizio Mercadante,PT,NA
senado,Masculino,1390,Aloysio da Costa Chaves,Aloysio Chaves,NA,NA
senado,Masculino,846,Aloysio Nunes Ferreira Filho,Aloysio Nunes Ferreira,PSDB,NA
senado,Masculino,1391,Aloysio Lopes de Carvalho Filho,Aloysio de Carvalho,NA,NA
senado,Masculino,1392,Altevir Leal,Altevir Leal,NA,NA
senado,Masculino,4853,Aluisio Augusto de Queiroz Braga,Aluisio Augusto de Queiroz Braga,NA,NA
senado,Masculino,222,Aluizio Bezerra de Oliveira,Aluízio Bezerra,NA,NA
senado,Masculino,1393,Alvaro Adolpho da Silveira,Alvaro Adolpho,NA,NA
senado,Masculino,945,Alvaro Fernandes Dias,Alvaro Dias,PODEMOS,PR
senado,Feminino,5607,Maria Alzenir Porto da Costa,Alzenir Porto,PTB,NA
senado,Masculino,5042,Alzira Ferreira Barros,Alzira Ferreira Barros,PCdoB,NA
senado,Masculino,1389,Alô Ticoulat Guimarães,Alô Guimarães,NA,NA
senado,Masculino,1459,Antonio Oswaldo do Amaral Furlan,Amaral Furlan,NA,NA
senado,Masculino,1602,Ernani do Amaral Peixoto,Amaral Peixoto,NA,NA
senado,Masculino,1401,Amaury de Oliveira e Silva,Amaury Silva,NA,NA
senado,Masculino,82,Amazonino Armando Mendes,Amazonino Mendes,NA,NA
senado,Masculino,1025,Amir Francisco Lando,Amir Lando,MDB,NA
senado,Feminino,4988,Ana Amélia de Lemos,Ana Amélia,PP,NA
senado,Feminino,3363,Ana Júlia de Vasconcelos Carepa,Ana Júlia Carepa,PT,NA
senado,Feminino,5989,Ana Maria de Resende Vieira,Ana Maria,NA,NA
senado,Feminino,5950,Ana Paula Tongo da Silva,Ana Paula Tongo,NA,NA
senado,Feminino,4869,Ana Rita Esgario,Ana Rita,PT,NA
senado,Masculino,4851,Ana Virgínia Rego Gama,Ana Virgínia Rego Gama,NA,NA
senado,Masculino,5969,Andre Felipe de Oliveira da Silva,Andre Filipe,NA,NA
senado,Masculino,5046,Andrelina Barbosa da Cunha,Andrelina Barbosa da Cunha,PSOL,NA
senado,Masculino,1048,Álvaro Celeste Barbosa Cardoso,Angelo Celeste,NA,NA
senado,Masculino,5967,Angelo Mario Coronel de Azevedo Martins,Angelo Coronel,PSD,BA
senado,Masculino,4837,Anibal Diniz,Anibal Diniz,PT,NA
senado,Masculino,1002,Antero Paes de Barros Neto,Antero Paes de Barros,PSDB,NA
senado,Masculino,5529,Antonio Augusto Junho Anastasia,Antonio Anastasia,PSDB,MG
senado,Masculino,4897,Antônio Aureliano Sanches de Mendonça,Antonio Aureliano,PSDB,NA
senado,Masculino,1415,Antônio Balbino de Carvalho Filho,Antonio Balbino,NA,NA
senado,Masculino,2850,Antonio Bezerra Baltar,Antonio Baltar,NA,NA
senado,Masculino,118,Antonio Carlos Peixoto de Magalhães Júnior,Antonio Carlos Júnior,DEM,NA
senado,Masculino,4,Antonio Carlos Peixoto de Magalhães,Antonio Carlos Magalhães,NA,NA
senado,Masculino,5150,Antonio Carlos Rodrigues,Antonio Carlos Rodrigues,PL,NA
senado,Masculino,3,Antonio Carlos Valadares,Antonio Carlos Valadares,PSB,NA
senado,Masculino,3625,Antonio Faleiros Filho,Antonio Faleiros,NA,NA
senado,Masculino,1424,Antônio da Silva Fernandes,Antonio Fernandes,NA,NA
senado,Masculino,3533,Antonio Ferreira da Silva,Antonio Ferreira,NA,NA
senado,Masculino,4516,Antonio João Hugo Rodrigues,Antonio João,PTB,NA
senado,Masculino,1443,Antônio Jorge de Queiroz Jucá,Antonio Jucá,NA,NA
senado,Masculino,115,Antonio Kato,Antonio Kato,NA,NA
senado,Masculino,1451,Antonio Luiz Maya,Antonio Luiz Maya,NA,NA
senado,Masculino,84,Antônio Marques da Silva Mariz,Antonio Mariz,NA,NA
senado,Masculino,4907,Antonio Porcino Sobrinho,Antonio Porcino Sobrinho,NA,NA
senado,Masculino,4891,Antonio Russo Netto,Antonio Russo,PL,NA
senado,Masculino,2853,Antonio Emygdio de Barros Filho,Antônio Barros Filho,NA,NA
senado,Masculino,326,Antônio Carlos Konder Reis,Antônio Carlos Konder Reis,NA,NA
senado,Masculino,1413,Antônio Arruda de Farias,Antônio Farias,NA,NA
senado,Masculino,1163,Antônio Leite Andrade,Antônio Leite,MDB,NA
senado,Masculino,5134,Antônio Marcos Gavazzoni,Antônio Marcos Gavazzoni,DEM,NA
senado,Masculino,5032,Antônio Milton Pessoa Falcão Filho,Antônio Milton Pessoa Falcão Filho,PP,NA
senado,Masculino,163,Antônio Rufino,Antônio Rufino,NA,NA
senado,Masculino,1471,Apolônio Jorge de Farias Salles,Apolônio Salles,NA,NA
senado,Masculino,164,Aquiles Nogueira,Aquiles Nogueira,NA,NA
senado,Masculino,126,Archimedes Pedreira Franco,Archimedes Pedreira Franco,NA,NA
senado,Masculino,1473,Argemiro de Figueiredo,Argemiro de Figueiredo,NA,NA
senado,Masculino,1097,Aristorides Vieira Stadler,Ari Stadler,NA,NA
senado,Masculino,4965,Ari Vicente Fernandes,Ari Vicente Fernandes,NA,NA
senado,Masculino,5168,Aristavora de Souza Santos,Aristavora de Souza Santos,PTB,NA
senado,Masculino,5,Arlindo Porto Neto,Arlindo Porto,PTB,NA
senado,Masculino,1476,Arlindo Rodrigues,Arlindo Rodrigues,NA,NA
senado,Masculino,6001,Arlindo Penha da Silva,Arlindo Silva,NA,NA
senado,Masculino,1477,Armando Pereira Correa da Câmara,Armando Câmara,NA,NA
senado,Masculino,92,Armando Dantas do Nascimento,Armando Dantas do Nascimento,NA,NA
senado,Masculino,5028,Armando José de Oliveira,Armando José de Oliveira,PSC,NA
senado,Masculino,715,Armando de Queiroz Monteiro Neto,Armando Monteiro,PTB,NA
senado,Masculino,2863,Armando de Miranda Storni,Armando Storni,NA,NA
senado,Masculino,2612,Arnaldo Pinto Guedes de Paiva,Arnaldo Paiva,NA,NA
senado,Masculino,1479,Arnon Affonso de Farias Mello,Arnon de Mello,NA,NA
senado,Masculino,1480,Arnor Damiani,Arnor Damiani,NA,NA
senado,Masculino,751,Arolde de Oliveira,Arolde de Oliveira,PSD,RJ
senado,Masculino,170,Aroldo Azevedo,Aroldo Azevedo,NA,NA
senado,Masculino,4292,Arthur Leite da Silveira,Arthur Leite,NA,NA
senado,Masculino,551,Arthur Virgílio do Carmo Ribeiro Neto,Arthur Virgílio,PSDB,NA
senado,Masculino,1487,Arthur Virgílio do Carmo Ribeiro Filho,Arthur Virgílio,NA,NA
senado,Masculino,157,Artur Valente,Artur Valente,NA,NA
senado,Masculino,6,Paulo Alberto Artur da Tavola Moretzsonh Monteiro de Barros,Artur da Tavola,PSDB,NA
senado,Masculino,1490,Ary de Siqueira Vianna,Ary Vianna,NA,NA
senado,Masculino,2205,Raimundo da Arêa Leão (Melo),Arêa (Melo) Leão,NA,NA
senado,Masculino,3620,Assis Almeida,Assis Almeida,NA,NA
senado,Masculino,1658,Francisco de Assis Chateaubriand Bandeira de Mello,Assis Chateaubriand,NA,NA
senado,Masculino,4983,Assis Gurgacz,Assis Gurgacz,PDT,NA
senado,Masculino,6009,Marcos Cesar Pontes,Astronauta Marcos Pontes,NA,NA
senado,Masculino,5164,Ataídes de Oliveira,Ataídes Oliveira,PSDB,NA
senado,Masculino,5138,Athos de Almeida Lopes,Athos de Almeida Lopes,MDB,NA
senado,Masculino,5633,Atilio Francisco da Silva,Atilio Francisco,PRB,NA
senado,Masculino,1491,Attílio Francisco Xavier Fontana,Attílio Fontana,NA,NA
senado,Masculino,1492,Attílio Vivacqua,Attílio Vivacqua,NA,NA
senado,Masculino,3432,Augusto Affonso Botelho Neto,Augusto Botelho,S/Partido,NA
senado,Masculino,1496,Augusto do Prado Franco,Augusto Franco,NA,NA
senado,Masculino,1503,Aureo Bringel de Mello,Aureo Mello,NA,NA
senado,Masculino,1502,Aurélio Vianna da Cunha Lima,Aurélio Vianna,NA,NA
senado,Masculino,5631,Genésio Ayres Marchetti,Ayres Marchetti,PSD,NA
senado,Masculino,391,Aécio Neves da Cunha,Aécio Neves,PSDB,NA
senado,Masculino,3074,Raimundo Bandeira Vaughan,Bandeira Vaughan,NA,NA
senado,Masculino,1427,Antônio de Barros Carvalho,Barros Carvalho,NA,NA
senado,Masculino,5554,Adalberto Souza Galvão,Bebeto,PSB,NA
senado,Masculino,3642,Belini Meurer,Belini Meurer,PT,NA
senado,Masculino,185,Luís Carlos Bello Parga,Bello Parga,NA,NA
senado,Masculino,4979,Bene André Camacho Araújo,Bene Camacho,PTB,NA
senado,Feminino,7,Benedita Souza da Silva Sampaio,Benedita da Silva,PT,NA
senado,Masculino,208,Benedito Aparecido da Silva,Benedito Aparecido da Silva,NA,NA
senado,Masculino,1887,José Benedito Canellas,Benedito Canellas,NA,NA
senado,Masculino,1054,Benedito Walter Damasceno,Benedito Damasceno,NA,NA
senado,Masculino,1508,Benedito Vicente Ferreira,Benedito Ferreira,NA,NA
senado,Masculino,1507,Benedito Valladares Ribeiro,Benedito Valladares,NA,NA
senado,Masculino,3823,Benedito de Lira,Benedito de Lira,PP,NA
senado,Masculino,8,Benedito Clayton Veras Alcântara,Beni Veras,NA,NA
senado,Masculino,5896,Benjamin Beze Junior,Benjamin Beze Junior,NA,NA
senado,Masculino,1510,Benjamin Miguel Farah,Benjamin Farah,NA,NA
senado,Masculino,5952,Bento Adeodato Porto,Bento,NA,NA
senado,Masculino,162,Benício Parente de Sampaio,Benício Sampaio,NA,NA
senado,Masculino,188,Berenice Luz da Silva,Berenice Luz da Silva,NA,NA
senado,Masculino,1481,Arthur Bernardes Filho,Bernardes Filho,NA,NA
senado,Masculino,1514,Bernardino Soares Viana,Bernardino Viana,NA,NA
senado,Masculino,9,José Bernardo Cabral,Bernardo Cabral,NA,NA
senado,Masculino,6011,Jose Roberto Martins,Beto Martins,NA,NA
senado,Masculino,5932,Gilberto Eglair Possamai,Beto Possamai,NA,NA
senado,Masculino,2266,Vicente de Bezerra Neto,Bezerra Neto,NA,NA
senado,Masculino,5559,José Afonso Teixeira,Bispo José,PSC,NA
senado,Masculino,111,Blairo Borges Maggi,Blairo Maggi,PL,NA
senado,Masculino,1801,João dos Santos Braga Júnior,Braga Júnior,NA,NA
senado,Masculino,2776,Brazílio Celestino de Oliveira,Brazílio Celestino,NA,NA
senado,Masculino,3073,Bráulio Côrte Coelho,Bráulio Coelho,NA,NA
senado,Masculino,1368,Aguinaldo Caiado de Castro,Caiado de Castro,NA,NA
senado,Masculino,3594,Carlos Alberto de Oliveira Torres,Carlos Alberto,NA,NA
senado,Masculino,6013,Carlos Alberto de Castro Almeida,Carlos Alberto,NA,NA
senado,Masculino,4841,Carlos Augusto Coelho de Faria,Carlos Augusto Coelho de Faria,NA,NA
senado,Masculino,5603,Carlos Augusto Lopes da Costa,Carlos Augusto Costa,PV,NA
senado,Masculino,10,Carlos Gomes Bezerra,Carlos Bezerra,MDB,NA
senado,Masculino,1537,Carlos Alberto De' Carli,Carlos De' Carli,NA,NA
senado,Masculino,704,Carlos Marques Dunga,Carlos Dunga,PTB,NA
senado,Masculino,3584,Carlos Eduardo Fioravanti da Costa,Carlos Eduardo,NA,NA
senado,Masculino,1551,Carlos Jereissati,Carlos Jereissati,NA,NA
senado,Masculino,1548,Carlos Fernando Monteiro Lindenberg,Carlos Lindenberg,NA,NA
senado,Masculino,1044,Carlos Lupi,Carlos Lupi,NA,NA
senado,Masculino,6020,Carlos Milton Morais,Carlos Milton Morais,NA,NA
senado,Masculino,11,Carlos do Patrocinio Silveira,Carlos Patrocínio,PTB,NA
senado,Masculino,4963,Carlos Ramiro de Castro (Falecido Em 05/09/2013),Carlos Ramiro de Castro (Falecido Em 05/09/2013),NA,NA
senado,Masculino,2874,Carlos Viriato de Saboya,Carlos Saboya,NA,NA
senado,Masculino,5990,Carlos Alberto Dias Viana,Carlos Viana,PSD,MG
senado,Masculino,12,Carlos Wilson Rocha de Queiroz Campos,Carlos Wilson,PT,NA
senado,Masculino,1536,Carlos Alberto Alves de Carvalho Pinto,Carvalho Pinto,NA,NA
senado,Masculino,13,Casildo João Maldaner,Casildo Maldaner,MDB,NA
senado,Masculino,5991,Castellar Modesto Guimarães Neto,Castellar Guimarães Neto,NA,NA
senado,Masculino,1593,Edward Cattete Pinheiro,Cattete Pinheiro,NA,NA
senado,Masculino,1100,Celis Santin Borges,Celis Santin,NA,NA
senado,Masculino,2875,Celso Ramos Branco,Celso Branco,NA,NA
senado,Masculino,5593,Celso Dal Lago Rodrigues,Celso Dal Lago Rodrigues,MDB,NA
senado,Masculino,1557,Celso Ramos,Celso Ramos,NA,NA
senado,Masculino,5136,Cesar Antonio de Souza,Cesar Antonio de Souza,DEM,NA
senado,Masculino,1657,Francisco das Chagas Caldas Rodrigues,Chagas Rodrigues,PSDB,NA
senado,Masculino,6000,João Chamon Neto,Chamon,NA,NA
senado,Masculino,470,Francisco de Assis Rodrigues,Chico Rodrigues,DEM,RR
senado,Masculino,3072,Francisco Luiz Sartori,Chico Sartori,PSDB,NA
senado,Masculino,611,Francisco Feitosa de Albuquerque Lima,Chiquinho Feitosa,PSDB,NA
senado,Masculino,5623,Christopher Belchior Goulart,Christopher Goulart,PDT,NA
senado,Masculino,5973,Cid Ferreira Gomes,Cid Gomes,PDT,CE
senado,Masculino,1562,Cid Sabóia de Carvalho,Cid Sabóia de Carvalho,MDB,NA
senado,Masculino,5108,José Aparecido dos Santos,Cidinho Santos,PL,NA
senado,Feminino,191,Cilene Lago Salomão,Cilene Lago Salomão,NA,NA
senado,Masculino,739,Ciro Nogueira Lima Filho,Ciro Nogueira,PP,PI
senado,Masculino,192,Claudomiro Lima Pinheiro,Claudomiro Lima Pinheiro,NA,NA
senado,Feminino,6017,Cleonice Fabiane Back,Cleonice Back,NA,NA
senado,Masculino,5933,Clérie Fabiana Mendes,Clerie Fabiana,NA,NA
senado,Masculino,154,Clodoaldo da Silva Torres Filho,Clodoaldo Torres,NA,NA
senado,Masculino,1567,Clodomir Teixeira Millet,Clodomir Millet,NA,NA
senado,Masculino,3881,Clovis Antônio Chaves Fecury,Clovis Fecury,DEM,NA
senado,Masculino,3601,Cláudio Antonio Manfroi,Cláudio Antonio,NA,NA
senado,Masculino,5044,Clécio Luis Vilhena Vieira,Clécio Luis Vilhena Vieira,PSOL,NA
senado,Masculino,4895,Clésio Soares de Andrade,Clésio Andrade,MDB,NA
senado,Masculino,3032,Clóvis de Azevedo Maia,Clóvis Maia,NA,NA
senado,Masculino,1772,Jeronymo Coimbra Bueno,Coimbra Bueno,NA,NA
senado,Masculino,475,Confúcio Aires Moura,Confúcio Moura,MDB,RO
senado,Masculino,5963,Margarida Brandão Fernandes de Araújo,Coronel Margarida,NA,NA
senado,Masculino,2951,José Cortez Pereira de Araújo,Cortez Pereira,NA,NA
senado,Masculino,2952,José da Costa Paranhos,Costa Paranhos,NA,NA
senado,Masculino,1906,José da Costa Pereira,Costa Pereira,NA,NA
senado,Masculino,14,Fernando Coutinho Jorge,Coutinho Jorge,NA,NA
senado,Masculino,3398,Cristovam Ricardo Cavalcanti Buarque,Cristovam Buarque,CIDADANIA,NA
senado,Masculino,1757,Ivandro Moura Cunha Lima,Cunha Lima,NA,NA
senado,Masculino,2013,Leopoldo Tavares Cunha Mello,Cunha Mello,NA,NA
senado,Masculino,4877,Cyro Miranda Gifford Júnior,Cyro Miranda,PSDB,NA
senado,Masculino,5197,Cássio Rodrigues da Cunha Lima,Cássio Cunha Lima,PSDB,NA
senado,Masculino,5960,Cândida dos Santos Farias,Cândida Farias,NA,NA
senado,Masculino,3395,César Augusto Rabello Borges,César Borges,PL,NA
senado,Masculino,1558,César Cals de Oliveira Filho,César Cals,NA,NA
senado,Masculino,88,César Augusto de Souza Dias,César Dias,MDB,NA
senado,Masculino,1559,César Lacerda de Vergueiro,César Vergueiro,NA,NA
senado,Masculino,4529,Cícero de Lucena Filho,Cícero Lucena,PSDB,NA
senado,Masculino,5132,Dalírio José Beber,Dalirio Beber,PSDB,NA
senado,Masculino,99,Dalmácio Lúcio,Dalmácio Lúcio,NA,NA
senado,Masculino,1569,Daniel Krieger,Daniel Krieger,NA,NA
senado,Feminino,5998,Daniella Velloso Borges Ribeiro,Daniella Ribeiro,PP,PB
senado,Masculino,5992,Danilo Martins de Oliveira,Danilo Martins de Oliveira,NA,NA
senado,Feminino,3637,Danimar Cristina Pereira da Silva,Danimar Cristina,PL,NA
senado,Masculino,5987,Danny Fabricio Cabral Gomes,Danny Fabricio,NA,NA
senado,Masculino,1570,Danton Pinheiro Jobim,Danton Jobim,NA,NA
senado,Masculino,15,Darcy Ribeiro,Darcy Ribeiro,NA,NA
senado,Masculino,1572,Dario Pereira de Macêdo,Dario Pereira,NA,NA
senado,Masculino,3830,David Samuel Alcolumbre Tobelem,Davi Alcolumbre,DEM,AP
senado,Masculino,112,David Ruas,David Ruas,NA,NA
senado,Masculino,5837,Davidson de Magalhães Santos,Davidson Magalhães,PCdoB,NA
senado,Masculino,5199,José Gonzaga Sobrinho,Deca,PSDB,NA
senado,Masculino,2879,Dejandir Dalpasquale,Dejandir Dalpasquale,NA,NA
senado,Masculino,3598,Delacir de Melo Lima,Delacir de Melo,NA,NA
senado,Masculino,3360,Delcídio do Amaral Gomez,Delcídio do Amaral,S/Partido,NA
senado,Masculino,4901,Demétrius Fernandes Ribeiro,Demétrius Fernandes Ribeiro,NA,NA
senado,Masculino,3399,Demóstenes Lazaro Xavier Torres,Demóstenes Torres,S/Partido,NA
senado,Feminino,6012,Denise Antunes dos Santos,Denise dos Santos,NA,NA
senado,Masculino,2774,Desiré Guarani e Silva,Desiré Guarani,NA,NA
senado,Masculino,5996,Marcio Diego Fernandes Tavares de Albuquerque,Diego Tavares,NA,NA
senado,Masculino,197,Dilso Cechin,Dilso Cechin,NA,NA
senado,Masculino,1573,Dinarte de Medeiros Mariz,Dinarte Mariz,NA,NA
senado,Masculino,1580,Dirceu Mendes Arcoverde,Dirceu Arcoverde,NA,NA
senado,Masculino,1578,Dirceu Cardoso,Dirceu Cardoso,NA,NA
senado,Masculino,1579,Dirceu José Carneiro,Dirceu Carneiro,PSDB,NA
senado,Masculino,1581,Divaldo Suruagy,Divaldo Suruagy,NA,NA
senado,Masculino,1767,Jerônimo Dix-Huit Rosado Maia,Dix-Huit Rosado,NA,NA
senado,Masculino,120,Djalma Alves Bessa,Djalma Bessa,NA,NA
senado,Masculino,96,Djalma Marinho Muniz Falcão,Djalma Falcão,NA,NA
senado,Masculino,1585,Domingos Netto de Vellasco,Domingos de Vellasco,NA,NA
senado,Masculino,1582,Domício Gondim Barreto,Domício Gondim,NA,NA
senado,Masculino,137,Donato Cardoso,Donato Cardoso,NA,NA
senado,Masculino,5637,Divino Donizeti Borges Nogueira,Donizeti Nogueira,PT,NA
senado,Masculino,5178,Douglas Mauricio Ramos Cintra,Douglas Cintra,PTB,NA
senado,Masculino,167,Doutel de Andrade,Doutel de Andrade,NA,NA
senado,Masculino,5975,Francisco José Alves Guimaraes,Dr. Guimarães,NA,NA
senado,Masculino,5565,Francisco Helder Cavalcante Sousa,Dr. Helder Cavalcante,PL,NA
senado,Feminino,6016,Adriana de Lucena Francisco,Drica de Lucena,NA,NA
senado,Masculino,1680,Francisco Duarte Filho,Duarte Filho,NA,NA
senado,Masculino,3412,Duciomar Gomes da Costa,Duciomar Costa,PTB,NA
senado,Feminino,2812,Dulce Salles Cunha Braga,Dulce Braga,NA,NA
senado,Feminino,203,Dulce Pereira Cardoso,Dulce Pereira Cardoso,NA,NA
senado,Masculino,2885,Dylton Augusto Rodrigues da Costa,Dylton Costa,NA,NA
senado,Masculino,5537,Dário Elias Berger,Dário Berger,MDB,SC
senado,Masculino,176,Edir Pedro Domeneghini,Edir Domeneghini,PTB,NA
senado,Masculino,16,Edison Lobão,Edison Lobão,MDB,NA
senado,Masculino,5160,Edivaldo Edilson Pantoja da Silva,Edivaldo Edilson Pantoja da Silva,PSOL,NA
senado,Masculino,3596,Edivan Secundo Lopes,Edivan Secundo,NA,NA
senado,Masculino,1590,Edmundo Fernandes Levi,Edmundo Levi,NA,NA
senado,Masculino,109,Edson Gomes da Silva,Edson Gomes da Silva,NA,NA
senado,Masculino,2887,Edson Pitombo Cavalcanti,Edson Pitombo Cavalcanti,NA,NA
senado,Masculino,4721,Eduardo Alves do Amorim,Eduardo Amorim,PSDB,NA
senado,Masculino,2889,Eduardo Assmar,Eduardo Assmar,NA,NA
senado,Masculino,3400,Eduardo Brandão de Azeredo,Eduardo Azeredo,PSDB,NA
senado,Masculino,4994,Carlos Eduardo de Souza Braga,Eduardo Braga,MDB,AM
senado,Masculino,2891,Eduardo Catalão,Eduardo Catalão,NA,NA
senado,Masculino,5976,Luis Eduardo Grangeiro Girão,Eduardo Girão,PODEMOS,CE
senado,Masculino,3777,Carlos Eduardo Torres Gomes,Eduardo Gomes,MDB,NA
senado,Masculino,4767,Eduardo Benedito Lopes,Eduardo Lopes,PRB,NA
senado,Masculino,3630,Eduardo Otávio Teixeira Marcondes,Eduardo Otávio Teixeira Marcondes,NA,NA
senado,Masculino,1024,José Eduardo Siqueira Campos,Eduardo Siqueira Campos,PSDB,NA
senado,Masculino,17,Eduardo Matarazzo Suplicy,Eduardo Suplicy,PT,NA
senado,Masculino,5902,Eduardo Ovídio Borges de Velloso Vianna,Eduardo Velloso,NA,NA
senado,Masculino,707,Efraim de Araújo Morais,Efraim Morais,DEM,NA
senado,Masculino,5587,Eladio Barbosa Carneiro,Eladio Carneiro,MDB,NA
senado,Masculino,5146,Elaine Matozinhos Ribeiro,Elaine Matozinhos Ribeiro,PTB,NA
senado,Masculino,4969,Elber Batalha de Goes,Elber Batalha,PSB,NA
senado,Masculino,4953,Elcide Alberto Lanzarin,Elcide Alberto Lanzarin,NA,NA
senado,Masculino,18,Élcio Alvares,Elcio Alvares,NA,NA
senado,Feminino,1088,Eliana Cunha,Eliana Cunha,NA,NA
senado,Feminino,5898,Eliane e Silva Nogueira Lima,Eliane Nogueira,NA,NA
senado,Feminino,5605,Eliane Rodrigues de Andrade Ferreira,Eliane Rodrigues,PSB,NA
senado,Masculino,4855,Eliel Lima Santana,Eliel Lima Santana,NA,NA
senado,Masculino,394,Eliseu Resende,Eliseu Resende,DEM,NA
senado,Feminino,5718,Eliziane Pereira Gama Melo,Eliziane Gama,CIDADANIA,MA
senado,Masculino,5531,Elmano Férrer de Almeida,Elmano Férrer,PODEMOS,PI
senado,Masculino,5148,Elmiro Alves do Nascimento,Elmiro Alves do Nascimento,DEM,NA
senado,Masculino,110,Eloi Almeida,Eloi Almeida,NA,NA
senado,Masculino,4941,Elói Francisco Pedroso Guimarães,Elói Francisco Pedroso Guimarães,NA,NA
senado,Masculino,159,Eloi Portella Nunes Sobrinho,Elói Portela,NA,NA
senado,Masculino,4971,Emanuel Messias Oliveira Cacho,Emanuel Messias Oliveira Cacho,NA,NA
senado,Masculino,5064,Emir Simão Sader,Emir Simão Sader,PT,NA
senado,Masculino,1596,Emival Ramos Caiado,Emival Caiado,NA,NA
senado,Feminino,19,Emília Therezinha Xavier Fernandes,Emília Fernandes,PT,NA
senado,Feminino,6025,Roberta Leontina Xisto Acioly,Enfermeira Roberta,NA,NA
senado,Masculino,5126,Enivaldo Euzébio dos Anjos,Enivaldo Euzébio dos Anjos,PDT,NA
senado,Masculino,20,Epitácio Cafeteira Afonso Pereira,Epitácio Cafeteira,PTB,NA
senado,Masculino,3640,Eraldo Macedo Bezerra,Eraldo Macedo,NA,NA
senado,Masculino,205,Eraldo Machado de Lemos,Eraldo Machado de Lemos,NA,NA
senado,Masculino,3616,Erasmo Lino de Jesus Alfaia,Erasmo Lino de Jesus Alfaia,NA,NA
senado,Masculino,1917,José Ermírio de Moraes,Ermírio de Moraes,NA,NA
senado,Masculino,21,Ernandes Santos Amorim,Ernandes Amorim,PTB,NA
senado,Masculino,2902,Francisco Ernando Uchôa Lima,Ernando Uchôa,NA,NA
senado,Masculino,3600,Ernesto Martins Vieira Júnior,Ernesto Martins,NA,NA
senado,Masculino,4871,Esmael Barbosa de Almeida,Esmael Barbosa de Almeida,NA,NA
senado,Masculino,138,Esmerino Arruda,Esmerino Arruda,NA,NA
senado,Masculino,22,Esperidião Amin Helou Filho,Esperidião Amin,PP,SC
senado,Masculino,195,Estefânia Rubine Marchetti,Estefânia Rubine Marchetti,NA,NA
senado,Masculino,4780,Euclydes Affonso de Mello Neto,Euclydes Mello,PRB,NA
senado,Feminino,5906,Eudocia Maria Holanda de Araujo Caldas,Eudócia Caldas,NA,NA
senado,Masculino,1609,Eugênio de Barros,Eugênio Barros,NA,NA
senado,Feminino,1612,Eunice Mafalda Michilles,Eunice Michilles,NA,NA
senado,Masculino,612,Eunício Lopes de Oliveira,Eunício Oliveira,MDB,NA
senado,Masculino,1614,Eurico Vieira de Rezende,Eurico Rezende,NA,NA
senado,Masculino,3552,Eurípedes Pedro Camargo,Eurípedes Camargo,PT,NA
senado,Masculino,1619,Evandro das Neves Carreira,Evandro Carreira,NA,NA
senado,Masculino,1055,Evaristo de Luca,Evaristo de Luca,NA,NA
senado,Masculino,1621,Evelásio Vieira,Evelásio Vieira,NA,NA
senado,Masculino,4905,Everaldo Siqueira Moreira,Everaldo Siqueira Moreira,NA,NA
senado,Masculino,1189,Expedito Gonçalves Ferreira Júnior,Expedito Júnior,PSDB,NA
senado,Masculino,1622,Ezechias Jerônimo da Rocha,Ezechias da Rocha,NA,NA
senado,Masculino,5953,Fabiano Contarato,Fabiano Contarato,REDE,ES
senado,Masculino,5740,Fabio Paulino Garcia,Fabio Garcia,DEM,NA
senado,Masculino,5581,Fadi Fayez Faraj,Fadi Faraj,SD,NA
senado,Masculino,2772,José de Faria Tavares,Faria Tavares,NA,NA
senado,Masculino,1624,Fausto Augusto Borges Cabral,Fausto Cabral,NA,NA
senado,Masculino,1626,Fausto Gayoso Castelo Branco,Fausto Castelo Branco,NA,NA
senado,Masculino,2061,Manoel do Nascimento Fernandes Távora,Fernandes Távora,NA,NA
senado,Masculino,23,Fernando Luiz Gonçalves Bezerra,Fernando Bezerra,PTB,NA
senado,Masculino,5540,Fernando Bezerra de Souza Coelho,Fernando Bezerra Coelho,MDB,PE
senado,Masculino,5980,Fernando Luiz Prado Carvalho Junior,Fernando Carvalho,NA,NA
senado,Masculino,5026,Fernando Carvalho Lage,Fernando Carvalho Lage,DEM,NA
senado,Masculino,3632,Fernando Catão,Fernando Catão,NA,NA
senado,Masculino,4525,Fernando Affonso Collor de Mello,Fernando Collor,PROS,NA
senado,Masculino,1632,Fernando Corrêa da Costa,Fernando Corrêa,NA,NA
senado,Masculino,5917,Fernando Antonio Caminha Dueire,Fernando Dueire,NA,NA
senado,Masculino,5577,Fernando Antonio Mendes Façanha Filho,Fernando Façanha,PSDB,NA
senado,Masculino,1634,Fernando Henrique Cardoso,Fernando Henrique Cardoso,NA,NA
senado,Masculino,184,Matusalém Gonçalves Fernandes,Fernando Matusalém,NA,NA
senado,Masculino,2632,Fernando de Castro Ribeiro,Fernando Ribeiro,MDB,NA
senado,Masculino,2978,Manoel Gonçalves Ferreira Filho,Ferreira Filho,NA,NA
senado,Masculino,1636,Filinto Muller,Filinto Muller,NA,NA
senado,Masculino,24,Flaviano Flávio Baptista de Melo,Flaviano Melo,MDB,NA
senado,Masculino,5920,Flavio Marcelo Gonçalves Vicente,Flavio Vicente,NA,NA
senado,Masculino,4873,José Eduardo Fleury Fernandes Costa,Fleury,DEM,NA
senado,Masculino,3634,Fernando de Souza Flexa Ribeiro,Flexa Ribeiro,PSDB,NA
senado,Masculino,345,Flávio José Arns,Flávio Arns,REDE,PR
senado,Masculino,179,Flávio Bernardo Jeckel,Flávio Bernardo Jeckel,NA,NA
senado,Masculino,5894,Flávio Nantes Bolsonaro,Flávio Bolsonaro,PSL,RJ
senado,Masculino,1644,Flávio da Costa Britto,Flávio Britto,NA,NA
senado,Masculino,3619,Flávio Torres,Flávio Torres,PDT,NA
senado,Masculino,25,Francelino Pereira dos Santos,Francelino Pereira,NA,NA
senado,Masculino,125,Francisco Benjamin Fonseca de Carvalho,Francisco Benjamim,NA,NA
senado,Masculino,765,Francisco Oswaldo Neves Dornelles,Francisco Dornelles,PP,NA
senado,Masculino,221,Francisco Luiz Escórcio Lima,Francisco Escórcio,MDB,NA
senado,Masculino,3535,Francisco Evandro Rosas da Costa,Francisco Evandro Rosas da Costa,NA,NA
senado,Masculino,1653,Francisco Benjamin Galloti,Francisco Galloti,NA,NA
senado,Masculino,553,Francisco Garcia Rodrigues,Francisco Garcia,NA,NA
senado,Masculino,3574,Francisco José Gonçalves Pereira,Francisco Pereira,NA,NA
senado,Masculino,1687,Francisco Guimarães Rollemberg,Francisco Rollemberg,NA,NA
senado,Masculino,5054,Francisco Simeão Rodrigues Neto,Francisco Simeão Rodrigues Neto,MDB,NA
senado,Masculino,5416,Francisco Wilson Ribeiro,Francisco Wilson Ribeiro,NA,NA
senado,Masculino,4863,Francisco das Chagas Alcantara,Francisco das Chagas Alcantara,NA,NA
senado,Masculino,870,André Franco Montoro,Franco Montoro,NA,NA
senado,Masculino,3615,Frank Luiz da Cunha Garcia,Frank Luiz,NA,NA
senado,Masculino,2906,Frederico Nunes da Silva,Frederico Nunes,NA,NA
senado,Masculino,1436,Antonio de Freitas Cavalcanti,Freitas Cavalcanti,NA,NA
senado,Masculino,26,Antonio de Almendra Freitas Neto,Freitas Neto,PSDB,NA
senado,Masculino,1101,Froylan Pinto Santos,Froylan Santos,NA,NA
senado,Masculino,1623,Fábio Pereira de Lucena Bittencourt,Fábio Lucena,NA,NA
senado,Masculino,5034,Fábio Luiz Araújo Lopes de Farias,Fábio Luiz Araújo Lopes de Farias,MDB,NA
senado,Feminino,3713,Maria de Fátima Bezerra,Fátima Bezerra,PT,NA
senado,Feminino,3371,Fátima Cleide Rodrigues da Silva,Fátima Cleide,PT,NA
senado,Masculino,5162,Félix Urano Gama de Souza,Félix Urano Gama de Souza,PSOL,NA
senado,Masculino,1705,Gabriel Hermes Filho,Gabriel Hermes,NA,NA
senado,Masculino,5024,Gabriel Maia Gelpke,Gabriel Maia Gelpke,PSB,NA
senado,Masculino,122,Gabriel Nunes,Gabriel Nunes,NA,NA
senado,Masculino,4935,Garibaldi Alves,Garibaldi Alves,MDB,NA
senado,Masculino,87,Garibaldi Alves Filho,Garibaldi Alves Filho,MDB,NA
senado,Masculino,1709,Gaspar Duarte Velloso,Gaspar Velloso,NA,NA
senado,Masculino,1711,Gastão de Mattos Müller,Gastão Müller,NA,NA
senado,Masculino,2775,Fernando Afonso Gay da Fonseca,Gay da Fonseca,NA,NA
senado,Masculino,1926,José Georgino Alves e Sousa Avelino,Georgino Avelino,NA,NA
senado,Masculino,4522,Geovani Pinheiro Borges,Geovani Borges,MDB,NA
senado,Masculino,196,Geraldo César Althoff,Geraldo Althoff,NA,NA
senado,Masculino,540,Geraldo Cândido da Silva,Geraldo Cândido,PT,NA
senado,Masculino,97,Geraldo Lessa Santos,Geraldo Lessa,NA,NA
senado,Masculino,2773,Geraldo Guimarães Lindgren,Geraldo Lindgren,NA,NA
senado,Masculino,27,Geraldo José da Câmara Ferreira de Melo,Geraldo Melo,PSDB,NA
senado,Masculino,1716,Geraldo Gurgel de Mesquita,Geraldo Mesquita,NA,NA
senado,Masculino,3392,Geraldo Gurgel de Mesquita Júnior,Geraldo Mesquita Júnior,MDB,NA
senado,Masculino,28,Gerson Camata,Gerson Camata,MDB,NA
senado,Masculino,5900,Gil Marques de Medeiros,Gil Paraibano,NA,NA
senado,Masculino,5088,Gilberto Corazza,Gilberto Corazza,PT,NA
senado,Masculino,3626,Gilberto Flávio Goellner,Gilberto Goellner,DEM,NA
senado,Masculino,1721,Gilberto Marinho,Gilberto Marinho,NA,NA
senado,Masculino,944,Gilberto Mestrinho de Medeiros Raposo,Gilberto Mestrinho,MDB,NA
senado,Masculino,29,Gilberto Miranda Batista,Gilberto Miranda,NA,NA
senado,Masculino,5615,Gilberto Piselo do Nascimento,Gilberto Piselo,PDT,NA
senado,Masculino,30,Gilvam Pinheiro Borges,Gilvam Borges,MDB,NA
senado,Masculino,1806,João Gilvan Rocha,Gilvan Rocha,NA,NA
senado,Masculino,5128,Gino Jose Ferreira,Gino Jose Ferreira,DEM,NA
senado,Masculino,6008,Alexandre Luiz Giordano,Giordano,NA,NA
senado,Masculino,5030,José Givago Raposo Tenório,Givago Tenório,PP,NA
senado,Masculino,4558,Gladson de Lima Cameli,Gladson Cameli,PP,NA
senado,Feminino,5006,Gleisi Helena Hoffmann,Gleisi Hoffmann,PT,NA
senado,Feminino,4553,Gloria Maria Ramos Tavares,Gloria Maria Ramos Tavares,NA,NA
senado,Masculino,2913,Goldwasser Pereira dos Santos,Goldwasser Santos,NA,NA
senado,Masculino,3635,José Carlos Gomes Carvalho,Gomes Carvalho,NA,NA
senado,Masculino,1550,Carlos Gomes de Oliveira,Gomes de Oliveira,NA,NA
senado,Masculino,2945,João Pedro Gouvêa Carvalho Vieira,Gouvêa Vieira,NA,NA
senado,Masculino,5639,Guaracy Batista da Silveira,Guaracy Silveira,PSL,NA
senado,Masculino,178,Guerino Pizone,Guerino Pizone,NA,NA
senado,Masculino,1724,Guido Fernando Mondin,Guido Mondin,NA,NA
senado,Masculino,3052,Guilherme Malaquias dos Santos Júnior,Guilherme Malaquias,NA,NA
senado,Masculino,31,Guilherme Gracindo Soares Palmeira,Guilherme Palmeira,NA,NA
senado,Masculino,1726,Gustavo Capanema,Gustavo Capanema,NA,NA
senado,Masculino,3585,Gustavo Krause Gonçalves Sobrinho,Gustavo Krause,NA,NA
senado,Masculino,1729,Heitor Dias Pereira,Heitor Dias,PPL,NA
senado,Masculino,2915,Heitor Medeiros,Heitor Medeiros,NA,NA
senado,Masculino,149,Heitor Reis,Heitor Reis,NA,NA
senado,Masculino,5999,Helenilson Cunha Pontes,Helenilson Pontes,NA,NA
senado,Feminino,923,Heloísa Helena Lima de Moraes Carvalho,Heloísa Helena,PSOL,NA
senado,Masculino,1731,Helvídio Nunes de Barros,Helvídio Nunes,NA,NA
senado,Masculino,1737,Henrique do Rego Almeida,Henrique Almeida,NA,NA
senado,Masculino,5907,Henrique Arruda Guimarães,Henrique Arruda,NA,NA
senado,Masculino,193,José Henrique Carneiro de Loyola,Henrique Loyola,NA,NA
senado,Masculino,1732,Henrique Antonio Santillo,Henrique Santillo,NA,NA
senado,Masculino,1735,Henrique de La Rocque de Almeida,Henrique de La Rocque,NA,NA
senado,Masculino,1742,Heribaldo Dantas Vieira,Heribaldo Vieira,NA,NA
senado,Masculino,2934,Hermann de Medeiros Tôrres,Hermann Tôrres,NA,NA
senado,Masculino,1087,Hermes Zanetti,Hermes Zanetti,NA,NA
senado,Masculino,740,Heráclito de Sousa Fortes,Heráclito Fortes,DEM,NA
senado,Masculino,32,Hugo Napoleão do Rego Neto,Hugo Napoleão,PSD,NA
senado,Masculino,1745,Hugo Ramos Filho,Hugo Ramos,NA,NA
senado,Masculino,5008,Humberto Sérgio Costa Lima,Humberto Costa,PT,PE
senado,Masculino,33,Humberto Coutinho de Lucena,Humberto Lucena,NA,NA
senado,Masculino,2936,Humberto Neder,Humberto Neder,NA,NA
senado,Masculino,4939,Humberto Sorio Júnior,Humberto Sorio Júnior,NA,NA
senado,Masculino,1746,Hydekel Menezes Freitas Lima,Hydekel Freitas,NA,NA
senado,Masculino,194,Hélio da Costa Campos,Hélio Campos,NA,NA
senado,Masculino,2430,Hélio Correia,Hélio Correia,NA,NA
senado,Masculino,3572,Hélio Corrêa de Melo,Hélio Corrêa,NA,NA
senado,Masculino,1179,Hélio Calixto da Costa,Hélio Costa,MDB,NA
senado,Masculino,5100,Hélio José da Silva Lima,Hélio José,PROS,NA
senado,Masculino,4917,Hélio Moacyr de Souza Duque,Hélio Moacyr de Souza Duque,NA,NA
senado,Feminino,3373,Ideli Salvatti,Ideli Salvatti,PT,NA
senado,Masculino,3578,Ildon Marques de Souza,Ildon Marques,PSB,NA
senado,Masculino,2412,Ilton Mendes,Ilton Mendes,NA,NA
senado,Masculino,613,Inácio Francisco de Assis Nunes Arruda,Inácio Arruda,PCdoB,NA
senado,Feminino,5076,Ione Borges Ribeiro Guimarães,Ione Guimarães,PTB,NA
senado,Masculino,5385,Irajá Silvestre Filho,Irajá,PSD,TO
senado,Masculino,1748,Iram de Almeida Saraiva,Iram Saraiva,NA,NA
senado,Masculino,1749,Irapuan Costa Júnior,Irapuan Costa Júnior,NA,NA
senado,Masculino,6015,Ireneu Orth,Ireneu Orth,NA,NA
senado,Masculino,1750,Irineu Bornhausen,Irineu Bornhausen,NA,NA
senado,Masculino,34,Iris Rezende Machado,Iris Rezende,MDB,NA
senado,Masculino,1753,Italívio Martins Coelho,Italívio Coelho,NA,NA
senado,Masculino,1754,Itamar Augusto Cautiero Franco,Itamar Franco,NA,NA
senado,Masculino,5418,Ivanci Magno,Ivanci Magno,NA,NA
senado,Feminino,6007,Ivani Perrone Boscolo,Ivani Boscolo,NA,NA
senado,Feminino,6010,Ivete Marli Appel da Silveira,Ivete da Silveira,NA,NA
senado,Masculino,5004,Ivo Narciso Cassol,Ivo Cassol,PP,NA
senado,Feminino,4937,Ivonete Dantas Silva,Ivonete Dantas,MDB,NA
senado,Feminino,5978,Maria Ivonete Gomes do Nascimento,Ivonete Nascimento,NA,NA
senado,Masculino,4770,Izalci Lucas Ferreira,Izalci Lucas,PSDB,DF
senado,Masculino,4955,Jabis Emerick Dutra,Jabis Emerick Dutra,NA,NA
senado,Feminino,5931,Jacira Maria Alves de Souza,Jacira Souza,NA,NA
senado,Masculino,165,Jackson Nogueira,Jackson Nogueira,NA,NA
senado,Masculino,2937,Jacques Silva de Sousa,Jacques Silva,MDB,NA
senado,Masculino,35,Jader Fontenelle Barbalho,Jader Barbalho,MDB,PA
senado,Masculino,5912,Jader Paiva de Melo,Jader Melo,NA,NA
senado,Masculino,3641,Jairo Augusto,Jairo Augusto,NA,NA
senado,Masculino,1761,Jaison Tupy Barreto,Jaison Barreto,NA,NA
senado,Masculino,5022,Janduhy Max Freire de Andrade,Janduhy Max Freire de Andrade,PL,NA
senado,Masculino,171,Janilson Ferreira,Janilson Ferreira,NA,NA
senado,Masculino,581,Jaques Wagner,Jaques Wagner,PT,BA
senado,Masculino,1763,Jarbas Cardoso de Albuquerque Maranhão,Jarbas Maranhão,NA,NA
senado,Masculino,1764,Jarbas Gonçalves Passarinho,Jarbas Passarinho,NA,NA
senado,Masculino,4545,Jarbas de Andrade Vasconcelos,Jarbas Vasconcelos,MDB,PE
senado,Masculino,4531,Jayme Veríssimo de Campos,Jayme Campos,DEM,MT
senado,Masculino,5627,Jean Paul Terra Prates,Jean Paul Prates,PT,RN
senado,Masculino,36,José Jefferson Carpinteiro Peres,Jefferson Peres,NA,NA
senado,Masculino,4792,Jefferson Praia Bezerra,Jefferson Praia,PDT,NA
senado,Masculino,1765,Jefferson de Aguiar,Jefferson de Aguiar,NA,NA
senado,Masculino,1773,Jessé Pinto Freire,Jessé Freire,NA,NA
senado,Masculino,3589,Jesus Elias Tajra,Jesus Elias,NA,NA
senado,Masculino,3272,Joaquim Beato,Joaquim Beato,PSDB,NA
senado,Masculino,724,Joaquim Francisco de Freitas Cavalcanti,Joaquim Francisco,PSB,NA
senado,Masculino,1866,Joaquim Santos Parente,Joaquim Parente,NA,NA
senado,Masculino,4533,Joaquim Domingos Roriz,Joaquim Roriz,MDB,NA
senado,Masculino,5609,Joel Malucelli,Joel Malucelli,PSD,NA
senado,Masculino,37,Joel de Hollanda Cordeiro,Joel de Hollanda,NA,NA
senado,Masculino,38,Jonas Pinheiro da Silva,Jonas Pinheiro,NA,NA
senado,Masculino,1869,Jonas Pinheiro Borges,Jonas Pinheiro,PTB,NA
senado,Masculino,161,Jônice Siqueira Tristão,Jonice Tristão,NA,NA
senado,Masculino,4776,Jorge Afonso Argello,Jorge Afonso Argello,PTB,NA
senado,Masculino,948,Jorge Konder Bornhausen,Jorge Bornhausen,NA,NA
senado,Masculino,116,Jorge Haddad,Jorge Haddad,NA,NA
senado,Masculino,5895,Jorge Kajuru Reis da Costa Nasser,Jorge Kajuru,PSB,GO
senado,Masculino,1875,Jorge Kalume,Jorge Kalume,NA,NA
senado,Masculino,3636,Jorge Luiz Bernardi,Jorge Luiz,NA,NA
senado,Masculino,152,Jorge Mathias Júnior,Jorge Mathias Júnior,NA,NA
senado,Masculino,1873,Jorge Campos Maynard,Jorge Maynard,NA,NA
senado,Masculino,5993,Jorge Mitidieri,Jorge Mitidieri,NA,NA
senado,Masculino,4990,Jorge Ney Viana Macedo Neves,Jorge Viana,PT,NA
senado,Masculino,4885,Jorge Yoshiaki Yanai,Jorge Yanai,DEM,NA
senado,Masculino,5350,Jorginho dos Santos Mello,Jorginho Mello,PL,SC
senado,Masculino,39,Josaphat Ramos Marinho,Josaphat Marinho,NA,NA
senado,Masculino,4919,Jose Arlindo Soares,Jose Arlindo Soares,NA,NA
senado,Masculino,4929,Jose Calp Filho,Jose Calp Filho,NA,NA
senado,Masculino,5078,Jose Nagib da Silva Lima,Jose Nagib da Silva Lima,PT,NA
senado,Masculino,5569,Jose Samuel Alcolumbre Tobelem,Josiel,DEM,NA
senado,Masculino,3232,Josué Cláudio de Souza,Josué de Souza,NA,NA
senado,Masculino,40,José Agripino Maia,José Agripino,DEM,NA
senado,Masculino,5090,José Alberto Wenzel,José Alberto Wenzel,PSDB,NA
senado,Masculino,951,José Alencar Gomes da Silva,José Alencar,NA,NA
senado,Masculino,41,José Alves do Nascimento,José Alves,NA,NA
senado,Masculino,5849,Jose Amauri P. de Araújo,José Amauri,PODEMOS,NA
senado,Masculino,5120,José Antonio Guidoni,José Antonio Guidoni,PSB,NA
senado,Masculino,878,José Aníbal Peres de Pontes,José Aníbal,PSDB,NA
senado,Masculino,2949,José Augusto Ferreira Filho,José Augusto,NA,NA
senado,Masculino,183,José Batista Neto,José Batista Neto,NA,NA
senado,Masculino,2950,José Bezerra de Araújo,José Bezerra,NA,NA
senado,Masculino,3595,José Bezerra de Araujo Júnior,José Bezerra,DEM,NA
senado,Masculino,42,José de Abreu Bianco,José Bianco,NA,NA
senado,Masculino,216,José Bonifácio Gomes de Souza,José Bonifácio,NA,NA
senado,Masculino,2958,José do Nascimento Caixeta,José Caixeta,NA,NA
senado,Masculino,5579,José Carlos de Moraes Vasconcellos Filho,José Carlos Vasconcellos,PDT,NA
senado,Masculino,5983,José Chagas dos Santos,José Chagas,NA,NA
senado,Masculino,2332,José de Souza Coelho,José Coelho,NA,NA
senado,Masculino,1895,José Cândido Ferraz,José Cândido,NA,NA
senado,Masculino,85,José Eduardo de Andrade Vieira,José Eduardo,NA,NA
senado,Masculino,3624,José Eduardo Fleury,José Eduardo,NA,NA
senado,Masculino,43,José Eduardo de Barros Dutra,José Eduardo Dutra,PT,NA
senado,Masculino,2953,José Elias Isaac,José Elias,NA,NA
senado,Masculino,1973,José Raimundo Esteves,José Esteves,NA,NA
senado,Masculino,1920,José Feliciano Ferreira,José Feliciano,NA,NA
senado,Masculino,44,José Alberto Fogaça de Medeiros,José Fogaça,MDB,NA
senado,Masculino,1949,José Manoel Fontanillas Fragelli,José Fragelli,NA,NA
senado,Masculino,4975,José Francisco Pinto,José Francisco Pinto,NA,NA
senado,Masculino,3649,José Giácomo Baccarin,José Giácomo,NA,NA
senado,Masculino,1928,José Guiomard dos Santos,José Guiomard,NA,NA
senado,Masculino,5910,José Hamilton Furtado Castelo Branco,José Hamilton,NA,NA
senado,Masculino,45,José Ignácio Ferreira,José Ignácio Ferreira,NA,NA
senado,Masculino,922,José Jorge de Vasconcelos Lima,José Jorge,NA,NA
senado,Masculino,4973,José João Batista Stival,José João Batista Stival,NA,NA
senado,Masculino,2962,Kairala José Kairala,José Kairala,NA,NA
senado,Masculino,1977,José Rollemberg Leite,José Leite,NA,NA
senado,Masculino,1890,José Bernardino Lindoso,José Lindoso,NA,NA
senado,Masculino,133,José Lino da Silveira Filho,José Lino da Silveira Filho,NA,NA
senado,Masculino,1945,José Lins de Albuquerque,José Lins,NA,NA
senado,Masculino,153,José Luiz de Souza,José Luiz de Souza,NA,NA
senado,Masculino,1093,José Lélis Sobrinho,José Lélis,NA,NA
senado,Masculino,3361,José Targino Maranhão,José Maranhão,MDB,PB
senado,Masculino,5112,José Antônio Medeiros,José Medeiros,PODEMOS,NA
senado,Masculino,2956,José Mário Porto,José Mário Porto,NA,NA
senado,Masculino,4547,José Nery Azevedo,José Nery,PSOL,NA
senado,Masculino,4843,José Oliveira Costa,José Oliveira Costa,NA,NA
senado,Masculino,615,José Barroso Pimentel,José Pimentel,PT,NA
senado,Masculino,3603,José Pinto da Mota Filho,José Pinto,NA,NA
senado,Masculino,4947,José Raimundo Pires,José Raimundo Pires,NA,NA
senado,Masculino,3608,José Ramalho de Oliveira,José Ramalho,NA,NA
senado,Masculino,4883,José Ribamar Fiquene,José Ribamar Fiquene,NA,NA
senado,Masculino,1974,José Richa,José Richa,NA,NA
senado,Masculino,46,José Roberto Arruda,José Roberto Arruda,NA,NA
senado,Masculino,5180,José Rodrigues da Silva,José Rodrigues da Silva,PSB,NA
senado,Masculino,181,José Saad,José Saad,NA,NA
senado,Masculino,47,José Sarney,José Sarney,MDB,NA
senado,Masculino,90,José Serra,José Serra,PSDB,SP
senado,Masculino,3613,José Wanderley Neto,José Wanderley,NA,NA
senado,Masculino,3590,José de Andrade Maia,José de Andrade,NA,NA
senado,Masculino,5036,José de Macedo Ferreira,José de Macedo Ferreira,MDB,NA
senado,Masculino,104,José de Sousa Teixeira,José de Sousa Teixeira,NA,NA
senado,Masculino,1775,João Abrahão Sobrinho,João Abrahão,NA,NA
senado,Masculino,1776,João Agripino Filho,João Agripino,NA,NA
senado,Masculino,950,João Alberto de Souza,João Alberto Souza,MDB,NA
senado,Masculino,1789,João Cavalcanti Arruda,João Arruda,NA,NA
senado,Masculino,132,João Augusto O. Figueiredo,João Augusto O. Figueiredo,NA,NA
senado,Masculino,3588,João Batista de Melo Alves,João Batista,NA,NA
senado,Masculino,5613,João Batista da Rocha Lemos,João Batista Lemos,PCB,NA
senado,Masculino,1051,João Baptista da Motta,João Batista Motta,PSDB,NA
senado,Masculino,1786,João Bosco Ramos de Lima,João Bosco,NA,NA
senado,Masculino,1799,João de Medeiros Calmon,João Calmon,NA,NA
senado,Masculino,3394,João Alberto Rodrigues Capiberibe,João Capiberibe,PSB,NA
senado,Masculino,5186,João Claudino Fernandes,João Claudino Fernandes,PRTB,NA
senado,Masculino,1790,João Cleofas de Oliveira,João Cleofas,NA,NA
senado,Masculino,5166,João Costa Ribeiro Filho,João Costa,PPL,NA
senado,Masculino,4537,João Durval Carneiro,João Durval,PDT,NA
senado,Masculino,3593,João Faustino Ferreira Neto,João Faustino,PSDB,NA
senado,Masculino,202,João Felício,João Felício,NA,NA
senado,Masculino,48,João França Alves,João França,NA,NA
senado,Masculino,4923,João Hilton Fernandes Silva,João Hilton Fernandes Silva,NA,NA
senado,Masculino,2792,João Mendes Olímpio de Melo,João Mendes,NA,NA
senado,Masculino,106,João Oliveira Itapary,João Oliveira Itapary,NA,NA
senado,Masculino,4774,João Pedro Gonçalves da Costa,João Pedro,PT,NA
senado,Masculino,4784,João Rafael de Aguiar,João Rafael de Aguiar,NA,NA
senado,Masculino,916,João Batista de Jesus Ribeiro,João Ribeiro,PL,NA
senado,Masculino,49,João da Rocha Ribeiro Dias,João Rocha,NA,NA
senado,Masculino,3652,João Evangelista da Costa Tenório,João Tenório,PSDB,NA
senado,Masculino,1089,João Thomé Verçosa de Medeiros Raposo,João Thomé Mestrinho,MDB,NA
senado,Masculino,3650,João Vaccari Neto,João Vaccari,NA,NA
senado,Masculino,4541,João Vicente de Macêdo Claudino,João Vicente Claudino,PTB,NA
senado,Masculino,1835,João Villas Boas,João Villas Boas,NA,NA
senado,Masculino,141,Juarez Leitão,Juarez Leitão,NA,NA
senado,Masculino,5972,Julio Ventura Neto,Julio Ventura,NA,NA
senado,Feminino,51,Júnia Marise Azeredo Coutinho,Junia Marise,NA,NA
senado,Masculino,1996,Juracy Montenegro Magalhães,Juracy Magalhães,NA,NA
senado,Masculino,1997,Juscelino Kubitschek de Oliveira,Juscelino Kubitschek,NA,NA
senado,Masculino,1999,Jutahy Borges Magalhães,Jutahy Magalhães,NA,NA
senado,Masculino,136,Juvêncio Antônio Vergolino Dias,Juvêncio Dias,NA,NA
senado,Masculino,949,Juvêncio Cesar da Fonseca,Juvêncio da Fonseca,PSDB,NA
senado,Masculino,5066,Juçara Feitosa de Oliveira,Juçara Feitosa de Oliveira,PT,NA
senado,Feminino,5929,Selma Rosane Santos Arruda,Juíza Selma,PSL,MT
senado,Masculino,50,Júlio José de Campos,Júlio Campos,DEM,NA
senado,Masculino,91,Júlio Eduardo Gomes Pereira,Júlio Eduardo,PV,NA
senado,Masculino,1993,Júlio César Leite,Júlio Leite,NA,NA
senado,Masculino,5965,Manoel Junior Souto de Souza,Júnior Souto,NA,NA
senado,Masculino,5158,Antonio Carlos Porto de Andrade,Kaká Andrade,PDT,NA
senado,Masculino,2003,Kerginaldo Cavalcanti de Albuquerque,Kerginaldo Cavalcanti,NA,NA
senado,Feminino,1249,Kátia Regina de Abreu,Kátia Abreu,PDT,TO
senado,Masculino,415,Lael Vieira Varella,Lael Varella,DEM,NA
senado,Masculino,1809,João Guilherme Lameira Bittencourt,Lameira Bittencourt,NA,NA
senado,Masculino,5533,Lasier Costa Martins,Lasier Martins,PODEMOS,RS
senado,Masculino,5156,Lauro Antonio Texeira Menezes,Lauro Antonio,PL,NA
senado,Masculino,52,Lauro Álvares da Silva Campos,Lauro Campos,NA,NA
senado,Masculino,2963,Lauro Dantas Hora,Lauro Hora,NA,NA
senado,Masculino,799,Lavoisier Maia Sobrinho,Lavoisier Maia,NA,NA
senado,Feminino,2814,Laélia Contreiras Agra de Alcântara,Laélia de Alcântara,NA,NA
senado,Masculino,135,Laércio Wilson Barbalho,Laércio Barbalho,NA,NA
senado,Masculino,2009,Leandro Maynard Maciel,Leandro Maciel,NA,NA
senado,Feminino,5977,Leany Barreiro de Sousa Lemos,Leany Lemos,NA,NA
senado,Feminino,5979,Leila Gomes de Barros Rêgo,Leila Barros,PSB,DF
senado,Masculino,1689,Francisco Leite Chaves,Leite Chaves,NA,NA
senado,Masculino,1690,Francisco Leite Neto,Leite Neto,NA,NA
senado,Masculino,2011,Lenoir Vargas Ferreira,Lenoir Vargas,NA,NA
senado,Masculino,53,Leomar de Melo Quintanilha,Leomar Quintanilha,MDB,NA
senado,Masculino,5903,Leonardo Rodrigues,Leonardo Rodrigues,NA,NA
senado,Masculino,146,Ildeu Leonel Oliveira de Paiva,Leonel Paiva,NA,NA
senado,Masculino,3374,Leonel Arcangelo Pavan,Leonel Pavan,PSDB,NA
senado,Masculino,2964,Leoni Mendonça,Leoni Mendonça,NA,NA
senado,Masculino,180,Leonidas Rangel Xausa,Leonidas Rangel Xausa,NA,NA
senado,Masculino,107,Leopoldo Peres Sobrinho,Leopoldo Peres,NA,NA
senado,Masculino,54,Levy Dias,Levy Dias,NA,NA
senado,Masculino,2012,Leônidas de Castro Mello,Leônidas de Mello,NA,NA
senado,Masculino,1813,João Lima Guimarães,Lima Guimarães,NA,NA
senado,Masculino,1796,João de Lima Teixeira,Lima Teixeira,NA,NA
senado,Masculino,199,Lincoln da Cunha Pereira,Lincoln da Cunha Pereira,NA,NA
senado,Masculino,2411,Lindberg Aziz Cury,Lindberg Cury,NA,NA
senado,Masculino,3695,Luiz Lindbergh Farias Filho,Lindbergh Farias,PT,NA
senado,Masculino,2016,Lineu Prestes,Lineu Prestes,NA,NA
senado,Masculino,2966,Linneu Gomes,Linneu Gomes,NA,NA
senado,Masculino,2001,Juvenal Lino de Mattos,Lino de Mattos,NA,NA
senado,Masculino,5040,Lirio Albino Parisotto,Lirio Albino Parisotto,MDB,NA
senado,Masculino,3579,Edison Lobão Filho,Lobão Filho,MDB,NA
senado,Masculino,1854,Joaquim Lobão da Silveira,Lobão da Silveira,NA,NA
senado,Masculino,1449,Antônio Lomanto Júnior,Lomanto Júnior,NA,NA
senado,Masculino,2173,Paulino Lopes da Costa,Lopes da Costa,NA,NA
senado,Masculino,2017,Louremberg Ribeiro Nunes Rocha,Louremberg Nunes,NA,NA
senado,Masculino,2019,Lourival Baptista,Lourival Baptista,NA,NA
senado,Masculino,2020,Lourival Fontes,Lourival Fontes,NA,NA
senado,Masculino,5926,Luiz Cantuária Barreto,Lucas Barreto,PSD,AP
senado,Feminino,6014,Luciana Leão Muniz,Luciana Leão Muniz,NA,NA
senado,Masculino,55,Lucídio Portella Nunes,Lucídio Portella,NA,NA
senado,Masculino,1186,Luis Carlos Heinze,Luis Carlos Heinze,PP,RS
senado,Masculino,5092,Luis Carlos Paes de Castro,Luis Carlos Paes de Castro,PCdoB,NA
senado,Masculino,5104,Luis Cláudio da Costa Avelar,Luis Cláudio da Costa Avelar,PCdoB,NA
senado,Masculino,5968,Luis Felipe Belmonte dos Santos,Luis Felipe Belmonte,NA,NA
senado,Masculino,5567,Luis Augusto Mitoso Junior,Luis Mitoso,PSD,NA
senado,Masculino,3643,Luiz Carlos João,Luiz Carlos,PT,NA
senado,Masculino,2038,Luiz de Souza Cavalcante,Luiz Cavalcante,NA,NA
senado,Masculino,943,Luiz Estevão de Oliveira Neto,Luiz Estevão,NA,NA
senado,Masculino,2027,Luiz Fernando de Oliveira Freire,Luiz Fernando Freire,NA,NA
senado,Masculino,127,Luiz Prata Girão,Luiz Girão,PSDB,NA
senado,Masculino,3581,Luiz Guaritá Neto,Luiz Guaritá,NA,NA
senado,Masculino,5002,Luiz Henrique da Silveira,Luiz Henrique,MDB,NA
senado,Masculino,3582,Luiz Márcio Haddad Pereira Santos,Luiz Márcio,NA,NA
senado,Masculino,947,Luiz Otavio Oliveira Campos,Luiz Otavio,MDB,NA
senado,Masculino,151,Luiz Osvaldo Pastore,Luiz Pastore,MDB,NA
senado,Masculino,1022,Luiz Alberto Vidal Pontes,Luiz Pontes,PSDB,NA
senado,Masculino,1043,Luiz Antonio Vitório Soares,Luiz Soares,S/Partido,NA
senado,Masculino,174,Luiz Tirello,Luiz Tirello,NA,NA
senado,Masculino,3647,Luiz Tolentino,Luiz Tolentino,NA,NA
senado,Masculino,2048,Luiz Viana Filho,Luiz Viana,NA,NA
senado,Masculino,2041,Luiz de Gonzaga Barros,Luiz de Barros,NA,NA
senado,Masculino,5585,Luiz Carlos do Carmo,Luiz do Carmo,MDB,GO
senado,Feminino,182,Luiza Maria da Silveira Marques,Luiza Maria da Silveira Marques,NA,NA
senado,Masculino,2979,Manoel Lutterbach Nunes,Lutterbach Nunes,NA,NA
senado,Feminino,158,Luzia Alves Toledo,Luzia Toledo,NA,NA
senado,Masculino,56,Luís Alberto Martins de Oliveira,Luís Alberto de Oliveira,NA,NA
senado,Masculino,2970,Luís Sebastião Guedes Alcoforado,Luís Guedes,NA,NA
senado,Masculino,5058,Luís Guilherme Gomes Mussi,Luís Guilherme Gomes Mussi,MDB,NA
senado,Masculino,2008,Lázaro Ferreira Barbosa,Lázaro Barbosa,NA,NA
senado,Feminino,4575,Lídice da Mata e Souza,Lídice da Mata,PSB,NA
senado,Feminino,643,Lúcia Vânia Abrão,Lúcia Vânia,PSB,NA
senado,Masculino,57,Lúcio Gonçalo de Alcântara,Lúcio Alcântara,PSDB,NA
senado,Masculino,1540,Carlos Alberto Lúcio Bittencourt,Lúcio Bittencourt,NA,NA
senado,Masculino,173,Lúcio Messan,Lúcio Messan,NA,NA
senado,Masculino,58,Lúdio Martins Coelho,Lúdio Coelho,PSDB,NA
senado,Masculino,5904,José Eugênio de Leão Braga,Macapá,NA,NA
senado,Masculino,1856,Joaquim de Magalhães Cardoso Barata,Magalhães Barata,NA,NA
senado,Masculino,1911,José de Magalhães Pinto,Magalhães Pinto,NA,NA
senado,Masculino,1552,Carlos Magno Duque Bacelar,Magno Bacelar,NA,NA
senado,Masculino,631,Magno Pereira Malta,Magno Malta,PL,NA
senado,Masculino,302,Luiz Alberto Maguito Vilela,Maguito Vilela,MDB,NA
senado,Feminino,5557,Mailza Assis da Silva,Mailza Gomes,PP,AC
senado,Masculino,5981,Ildomario Santos Gomes,Major Ildomario,NA,NA
senado,Masculino,5666,Sergio Olimpio Gomes,Major Olimpio,PSL,SP
senado,Masculino,4951,Manoel Angelo Chagas,Manoel Angelo Chagas,MDB,NA
senado,Masculino,2981,Manoel da Silva Dias,Manoel Dias,NA,NA
senado,Masculino,160,Manoel Lira Parente,Manoel Lira Parente,NA,NA
senado,Masculino,5591,Manoel Francisco de Vasconcelos Motta,Manoel Motta,PCB,NA
senado,Masculino,169,Manoel Torres de Araújo,Manoel Torres de Araújo,NA,NA
senado,Masculino,2057,Manoel Cordeiro Villaça,Manoel Villaça,NA,NA
senado,Masculino,2194,Pedro Mansueto de Lavor,Mansueto de Lavor,NA,NA
senado,Feminino,5376,Mara Cristina Gabrilli,Mara Gabrilli,PSDB,SP
senado,Masculino,3253,Marcello Nunes de Alencar,Marcello de Alencar,NA,NA
senado,Masculino,742,Marcelo Costa e Castro,Marcelo Castro,MDB,PI
senado,Masculino,3366,Marcelo Bezerra Crivella,Marcelo Crivella,PRB,NA
senado,Feminino,5915,Maria Márcia Rodrigues de Almeida,Marcia do Angico,NA,NA
senado,Masculino,285,Márcio Miguel Bittar,Marcio Bittar,MDB,AC
senado,Masculino,4788,Marco Antônio Costa,Marco Antonio,PSL,NA
senado,Masculino,86,Marco Antônio de Oliveira Maciel,Marco Maciel,DEM,NA
senado,Masculino,710,Marcondes Iran Benevides Gadelha,Marcondes Gadelha,PSC,NA
senado,Masculino,4535,Marconi Ferreira Perillo Júnior,Marconi Perillo,PSDB,NA
senado,Masculino,2105,Marcos de Barros Freire,Marcos Freire,NA,NA
senado,Masculino,105,Marcos Guerra,Marcos Guerra,PSDB,NA
senado,Masculino,103,Marcos Rocha de Andrade,Marcos Rocha de Andrade,NA,NA
senado,Masculino,5422,Marcos Rogério da Silva Brito,Marcos Rogério,DEM,RO
senado,Masculino,1084,Marcos Tavares Silva,Marcos Tavares,NA,NA
senado,Masculino,4778,Marcos de Almeida Castro,Marcos de Almeida Castro,NA,NA
senado,Masculino,6287,Marcos de Souza Costa,Marcos de Souza Costa,NA,NA
senado,Masculino,5942,Marcos Ribeiro do Val,Marcos do Val,CIDADANIA,ES
senado,Masculino,3586,Marcus Antonio Soares da Cunha,Marcus Antonio,NA,NA
senado,Feminino,5909,Maria Alice Melo de Araújo,Maria Alice,NA,NA
senado,Masculino,5124,Maria Antonieta Amorim dos Santos,Maria Antonieta Amorim dos Santos,MDB,NA
senado,Feminino,101,Maria Benigna Oliveira do Nascimento Jucá,Maria Benigna Jucá,PSB,NA
senado,Feminino,6019,Maria Eliza de Aguiar e Silva,Maria Eliza,NA,NA
senado,Feminino,1146,Maria Ivone Loureiro Ribeiro,Maria Ivone,NA,NA
senado,Masculino,5190,Maria Luza de Aquino Machado,Maria Luza de Aquino Machado,PTB,NA
senado,Feminino,2813,Maria Syrlei Donato,Maria Syrlei,NA,NA
senado,Masculino,4943,Maria da Graça Gomes Paiva,Maria da Graça Gomes Paiva,NA,NA
senado,Feminino,5994,Maria da Conceição dos Anjos,Maria da Taiçoca,NA,NA
senado,Feminino,5908,Maria das Vitórias Soares de Medeiros,Maria das Vitórias,NA,NA
senado,Feminino,1046,Maria de Fátima Pinto de Sá Pires,Maria de Fátima,NA,NA
senado,Masculino,4925,Maria de Lourdes Carvalho Rufino,Maria de Lourdes Carvalho Rufino,NA,NA
senado,Masculino,5174,Maria de Pompeia Lins Pessoa,Maria de Pompeia Lins Pessoa,PT,NA
senado,Feminino,1023,Maria do Carmo do Nascimento Alves,Maria do Carmo Alves,DEM,SE
senado,Feminino,59,Maria Osmarina Marina Silva Vaz de Lima,Marina Silva,PV,NA
senado,Masculino,6002,Marcos Antônio Marinho da Cunha,Marinho Cunha,NA,NA
senado,Feminino,4998,Marinor Jorge Brito,Marinor Brito,PSOL,NA
senado,Feminino,527,Marisa Joaquina Monteiro Serrano,Marisa Serrano,PSDB,NA
senado,Feminino,5575,Marizete Lisboa Fernandes Pereira,Marizete,PT,NA
senado,Feminino,60,Maria Marluce Moreira Pinto,Marluce Pinto,MDB,NA
senado,Masculino,4875,Marlúcio Pereira da Silva,Marlúcio Pereira da Silva,NA,NA
senado,Masculino,5571,Marco Jeovano Soares Ribas,Marquinho,DEM,NA
senado,Masculino,5142,Marta Maria Freire da Costa,Marta Maria Freire da Costa,DEM,NA
senado,Feminino,3633,Marta Ramalho,Marta Ramalho,NA,NA
senado,Feminino,5000,Marta Teresa Suplicy,Marta Suplicy,MDB,NA
senado,Masculino,1914,José de Souza Martins Filho,Martins Filho,NA,NA
senado,Masculino,2859,Antonio Pedro Martins Junior,Martins Junior,NA,NA
senado,Masculino,2115,Mathias Olympio de Mello,Mathias Olympio,NA,NA
senado,Masculino,1798,João de Mattos Leão,Mattos Leão,NA,NA
senado,Masculino,1244,Carlos Mauro Cabral Benevides,Mauro Benevides,MDB,NA
senado,Masculino,670,Mauro de Alencar Fecury,Mauro Fecury,MDB,NA
senado,Masculino,61,Mauro Miranda Soares,Mauro Miranda,MDB,NA
senado,Masculino,2117,Maurício José Corrêa,Maurício Corrêa,NA,NA
senado,Masculino,3606,Max José Vasconcelos de Andrade,Max José,NA,NA
senado,Masculino,1497,Augusto Maynard Gomes,Maynard Gomes,NA,NA
senado,Masculino,6027,Antônio Mecias Pereira de Jesus,Mecias de Jesus,PRB,RR
senado,Masculino,1781,João Assis Meira Filho,Meira Filho,NA,NA
senado,Masculino,3492,Marcos de Meira Lins,Meira Lins,NA,NA
senado,Masculino,2225,Rubens de Mello Braga,Mello Braga,NA,NA
senado,Masculino,2120,Mem de Azambuja Sá,Mem de Sá,NA,NA
senado,Masculino,1456,Antônio Mendes Canale,Mendes Canale,NA,NA
senado,Masculino,2592,José de Mendonça Clark,Mendonça Clark,NA,NA
senado,Masculino,1663,Francisco de Menezes Pimentel,Menezes Pimentel,NA,NA
senado,Masculino,4899,Michel Dib Tachy,Michel Dib Tachy,NA,NA
senado,Masculino,5935,Miguel Capobiango Neto,Miguel Biango,NA,NA
senado,Masculino,2122,Miguel Couto Filho,Miguel Couto,NA,NA
senado,Masculino,5086,Miguel Dias de Souza,Miguel Dias de Souza,PRB,NA
senado,Masculino,2989,Miguel Monteiro Barros Lins,Miguel Lins,NA,NA
senado,Masculino,201,Miguel Reale Júnior,Miguel Reale Júnior,NA,NA
senado,Masculino,2126,Milton Bezerra Cabral,Milton Cabral,NA,NA
senado,Masculino,2128,Milton Soares Campos,Milton Campos,NA,NA
senado,Masculino,2990,Milton Ribeiro Menezes,Milton Menezes,NA,NA
senado,Masculino,5897,Milton Jose das Mercêz,Milton Mercêz,NA,NA
senado,Masculino,2127,Milton Blanco de Abrunhosa Trindade,Milton Trindade,NA,NA
senado,Masculino,5595,Moacir Kohl,Moacir Kohl,PSB,NA
senado,Masculino,2991,Moacyr Sobral Barreto,Moacyr Barreto,NA,NA
senado,Masculino,2129,Moacyr Dalla,Moacyr Dalla,NA,NA
senado,Masculino,2130,Moacyr Torres Duarte,Moacyr Duarte,NA,NA
senado,Masculino,2131,Moisés Abrão Neto,Moisés Abrão,NA,NA
senado,Masculino,3621,Moisés José Marques,Moisés Marques,NA,NA
senado,Masculino,2957,José Moreira Bastos Filho,Moreira Filho,NA,NA
senado,Masculino,186,Rubens Moreira Mendes Filho,Moreira Mendes,PSD,NA
senado,Masculino,1504,Auro Soares de Moura Andrade,Moura Andrade,NA,NA
senado,Masculino,2995,Oswaldo Moura Brasil do Amaral,Moura Brasil,NA,NA
senado,Masculino,3003,Pedro Augusto de Moura Palha,Moura Palha,NA,NA
senado,Masculino,1470,Antovilla Rodrigues Mourão Vieira,Mourão Vieira,NA,NA
senado,Masculino,2132,Moysés Lupion de Troya,Moysés Lupion,NA,NA
senado,Masculino,952,Francisco Mozarildo de Melo Cavalcanti,Mozarildo Cavalcanti,PTB,NA
senado,Masculino,2135,Murilo Paulino Badaró,Murilo Badaró,NA,NA
senado,Masculino,2134,Murilo Carneiro Leão Paraíso,Murilo Paraíso,NA,NA
senado,Masculino,200,Márcio Antônio Bueno,Márcio Antônio Bueno,NA,NA
senado,Masculino,5094,Márcio Bergonsi Turra,Márcio Bergonsi Turra,PP,NA
senado,Masculino,1952,José Márcio Panoff de Lacerda,Márcio Lacerda,MDB,NA
senado,Masculino,3638,Márcio Tadeu Vieira Pessatti,Márcio Tadeu Vieira Pessatti,NA,NA
senado,Masculino,1094,Mário Calixto Filho,Mário Calixto,MDB,NA
senado,Masculino,4539,Mário Couto Filho,Mário Couto,PSDB,NA
senado,Masculino,2108,Mário Covas Júnior,Mário Covas,NA,NA
senado,Masculino,2111,Mário de Souza Martins,Mário Martins,NA,NA
senado,Masculino,2985,Mário Motta,Mário Motta,NA,NA
senado,Masculino,3364,Francisco de Assis de Moraes Souza,Mão Santa,PSC,NA
senado,Masculino,62,Nabor Teles da Rocha Júnior,Nabor Júnior,MDB,NA
senado,Feminino,5997,Nailde Fernandes Panta da Silva,Nailde Panta,NA,NA
senado,Masculino,4931,Natal Wellington Rodrigues Furucho,Natal Wellington Rodrigues Furucho,NA,NA
senado,Masculino,3534,Natal de Souza Chaves,Natal de Souza Chaves,NA,NA
senado,Masculino,172,Nathanias Ribeiro V. Shosten,Nathanias Ribeiro V. Shosten,NA,NA
senado,Masculino,3599,Neides Batista,Neides Batista,NA,NA
senado,Masculino,5985,Nelson Trad Filho,Nelsinho Trad,PSD,MS
senado,Masculino,2137,Nelson de Souza Carneiro,Nelson Carneiro,NA,NA
senado,Masculino,2993,Nelson Firmo de Oliveira,Nelson Firmo,NA,NA
senado,Masculino,2138,Nelson Maculan,Nelson Maculan,NA,NA
senado,Masculino,3972,Nelson Tenório de Oliveira,Nelson Tenório,NA,NA
senado,Masculino,2139,Nelson Wedekin,Nelson Wedekin,PDT,NA
senado,Masculino,2140,Nereu de Oliveira Ramos,Nereu Ramos,NA,NA
senado,Masculino,5176,Nestor Duarte Guimarães Neto,Nestor Duarte Guimarães Neto,PDT,NA
senado,Masculino,3644,Neuto Fausto de Conto,Neuto de Conto,MDB,NA
senado,Masculino,1587,Durval Neves da Rocha,Neves da Rocha,NA,NA
senado,Masculino,2145,Ney Aminthas de Barros Braga,Ney Braga,NA,NA
senado,Masculino,2144,Ney de Albuquerque Maranhão,Ney Maranhão,NA,NA
senado,Masculino,63,Ney Robinson Suassuna,Ney Suassuna,MDB,NA
senado,Masculino,3648,Manoel Alencar Neto,Nezinho Alencar,PSB,NA
senado,Masculino,380,Nicias Lopes Ribeiro,Nicias Ribeiro,PSDB,NA
senado,Feminino,5281,Ozanilda Gondim Vital do Rego,Nilda Gondim,MDB,NA
senado,Masculino,3575,Nilis Castberg Machado de Sousa,Nilis Castberg,NA,NA
senado,Masculino,2147,Nilo de Souza Coelho,Nilo Coelho,NA,NA
senado,Masculino,166,Nilo Teixeira Campos,Nilo Teixeira Campos,PSDB,NA
senado,Masculino,288,Nilson Moura Leite Mourão,Nilson Mourão,PT,NA
senado,Masculino,3607,Nivaldo Fernando dos Santos,Nivaldo Fernando,NA,NA
senado,Masculino,150,Nivaldo Passos Krüger,Nivaldo Krüger,MDB,NA
senado,Masculino,1527,Camilo Nogueira da Gama,Nogueira da Gama,NA,NA
senado,Masculino,1090,Jorge Nova da Costa,Nova da Costa,MDB,NA
senado,Masculino,1429,Antônio de Novaes Filho,Novaes Filho,NA,NA
senado,Feminino,4961,Níura Sandra Demarchi dos Santos,Níura Demarchi,PSDB,NA
senado,Masculino,2153,Octávio Omar Cardoso,Octávio Cardoso,NA,NA
senado,Masculino,2994,Octávio Cesário Pereira Junior,Octávio Cesário,NA,NA
senado,Masculino,64,Odacir Soares Rodrigues,Odacir Soares,PP,NA
senado,Feminino,3609,Odete da Cruz Monteiro,Odete da Cruz,NA,NA
senado,Masculino,6006,Ogari de Castro Pacheco,Ogari Pacheco,NA,NA
senado,Masculino,2155,Olavo Gomes Pires Filho,Olavo Pires,NA,NA
senado,Masculino,1083,João Olivir Gabardo,Olivir Gabardo,PSDB,NA
senado,Masculino,5060,Olney Ribeiro Botelho,Olney Ribeiro Botelho,PDT,NA
senado,Masculino,5525,Omar José Abdel Aziz,Omar Aziz,PSD,AM
senado,Masculino,2160,Onofre Muniz Gomes de Lima,Onofre Gomes,NA,NA
senado,Masculino,65,Onofre Quinan,Onofre Quinan,NA,NA
senado,Masculino,6024,Onésimo de Souza Cruz Netto,Onésimo Cruz,NA,NA
senado,Masculino,4889,Ordalino Martins da Cunha,Ordalino Martins da Cunha,NA,NA
senado,Masculino,3628,Orency Francisco da Silva,Orency Francisco,NA,NA
senado,Masculino,2161,Orestes Quércia,Orestes Quércia,NA,NA
senado,Masculino,5924,Oriovisto Guimaraes,Oriovisto Guimarães,PODEMOS,PR
senado,Masculino,134,Orlando Dordallo Júnior,Orlando Dordallo Júnior,NA,NA
senado,Masculino,2162,Orlando Gabriel Zancaner,Orlando Zancaner,NA,NA
senado,Masculino,2163,Oscar Passos,Oscar Passos,NA,NA
senado,Masculino,2164,Osires Teixeira,Osires Teixeira,NA,NA
senado,Masculino,66,Osmar Fernandes Dias,Osmar Dias,PDT,NA
senado,Masculino,1210,Osvaldo Roberto Sobrinho,Osvaldo Sobrinho,PTB,NA
senado,Masculino,2997,Otacílio Jurema,Otacílio Jurema,NA,NA
senado,Masculino,2166,Otair Becker,Otair Becker,NA,NA
senado,Masculino,2167,Othon Mader,Othon Mader,NA,NA
senado,Masculino,175,Otoniel Machado Carneiro,Otoniel Machado,NA,NA
senado,Masculino,5523,Otto Roberto Mendonça de Alencar,Otto Alencar,PSD,BA
senado,Masculino,2998,Otto Cyrillo Lehmann,Otto Lehmann,NA,NA
senado,Masculino,2152,Otávio Mangabeira,Otávio Mangabeira,NA,NA
senado,Masculino,2168,Ovídio Antunes Teixeira,Ovídio Teixeira,NA,NA
senado,Masculino,2999,Ozires Pontes,Ozires Pontes,NA,NA
senado,Masculino,5080,Pablo Sergio Souza Bezerra,Pablo Sergio Souza Bezerra,PT,NA
senado,Masculino,1506,Benedito Mário Calazans,Padre Calazans,NA,NA
senado,Masculino,3393,João Bosco Papaléo Paes,Papaléo Paes,PSDB,NA
senado,Masculino,1965,José Parsifal Barroso,Parsifal Barroso,NA,NA
senado,Masculino,1966,José Passos Porto,Passos Porto,NA,NA
senado,Masculino,918,Amarildo Martins da Silva,Pastor Amarildo,PSC,NA
senado,Masculino,5018,Heber Waldo Silva Costa,Pastor Bel,PRTB,NA
senado,Masculino,5925,Orlando Moura Gaia,Pastor Gaia,NA,NA
senado,Masculino,5599,Ibanes Taveira da Silva,Pastor Ibanes Taveira,PDT,NA
senado,Masculino,5966,Manoel Roberto Silva do Rego,Pastor Manoel Roberto,NA,NA
senado,Masculino,6022,Severino dos Ramos Marcelino da Silva,Pastor Severino,NA,NA
senado,Masculino,5617,Sebastião Valadares Neto,Pastor Valadares,PDT,NA
senado,Feminino,5928,Ana Patricia de Carvalho Ribeiro Costa,Patricia Costa,NA,NA
senado,Feminino,3397,Patrícia Lúcia Saboya Ferreira Gomes,Patrícia Saboya,PDT,NA
senado,Masculino,3001,Paulo Abreu,Paulo Abreu,NA,NA
senado,Masculino,5927,Paulo José de Brito Silva Albuquerque,Paulo Albuquerque,NA,NA
senado,Masculino,5122,Paulo Antenor de Oliveira,Paulo Antenor de Oliveira,PL,NA
senado,Masculino,3002,Paulo Barros,Paulo Barros,NA,NA
senado,Masculino,3741,Paulo Roberto Bauer,Paulo Bauer,PSDB,NA
senado,Masculino,1967,José Paulo Bisol,Paulo Bisol,NA,NA
senado,Masculino,2174,Paulo Brossard de Souza Pinto,Paulo Brossard,NA,NA
senado,Masculino,3605,Paulo Carvalho Viana,Paulo Carvalho,NA,NA
senado,Masculino,3254,Paulo Ramos Coelho,Paulo Coelho,NA,NA
senado,Masculino,5020,Paulo Roberto Davim,Paulo Davim,PV,NA
senado,Masculino,4549,Paulo Hermínio Duque Costa,Paulo Duque,MDB,NA
senado,Masculino,1095,Elifas Paulo da Silva,Paulo Elifas,MDB,NA
senado,Masculino,2177,Paulo Fender,Paulo Fender,NA,NA
senado,Masculino,2175,Paulo da Silva Fernandes,Paulo Fernandes,NA,NA
senado,Masculino,5152,Paulo Frateschi,Paulo Frateschi,PT,NA
senado,Masculino,336,Paulo Gilberto Gouvêa da Costa,Paulo Gouvêa,DEM,NA
senado,Masculino,102,Paulo Fernando Batista Guerra,Paulo Guerra,NA,NA
senado,Masculino,2180,Paulo Pessoa Guerra,Paulo Guerra,NA,NA
senado,Masculino,942,Paulo César Hartung Gomes,Paulo Hartung,PSB,NA
senado,Masculino,5901,Paulo Roberto Franco Marinho,Paulo Marinho,NA,NA
senado,Masculino,5589,Paulo Henrique Campos Matos,Paulo Matos,CIDADANIA,NA
senado,Masculino,1169,Paulo Octávio Alves Pereira,Paulo Octávio,NA,NA
senado,Masculino,825,Paulo Renato Paim,Paulo Paim,PT,RS
senado,Masculino,5114,Paulo Pereira Fíuza Filho,Paulo Pereira Fíuza Filho,PV,NA
senado,Masculino,374,Paulo Roberto Galvão da Rocha,Paulo Rocha,PT,PA
senado,Masculino,5921,Paulo Salamuni,Paulo Salamuni,NA,NA
senado,Masculino,2181,Paulo Sarazate Ferreira Lopes,Paulo Sarazate,NA,NA
senado,Masculino,4879,Paulo Silva de Jesus,Paulo Silva de Jesus,NA,NA
senado,Masculino,924,Paulo Ganem Souto,Paulo Souto,NA,NA
senado,Masculino,2178,Paulo Francisco Torres,Paulo Torres,NA,NA
senado,Masculino,6023,Pedro Arthur Ferreira Rodrigues,Pedro Arthur,NA,NA
senado,Masculino,3004,Pedro Carneiro de Moraes e Silva,Pedro Carneiro,NA,NA
senado,Masculino,453,Pedro Pinheiro Chaves,Pedro Chaves,MDB,NA
senado,Masculino,5116,Pedro Chaves dos Santos Filho,Pedro Chaves,PRB,NA
senado,Masculino,674,Pedro Fernandes Ribeiro,Pedro Fernandes,PTB,NA
senado,Masculino,5050,Pedro Irno Tonelli,Pedro Irno Tonelli,PT,NA
senado,Masculino,2193,Pedro Ludovico Teixeira,Pedro Ludovico,NA,NA
senado,Masculino,119,Pedro Paulo,Pedro Paulo,NA,NA
senado,Masculino,2196,Pedro Pedrossian,Pedro Pedrossian,NA,NA
senado,Masculino,67,Pedro Franco Piva,Pedro Piva,PSDB,NA
senado,Masculino,148,Pedro Segundo Seleme,Pedro Segundo Seleme,NA,NA
senado,Masculino,68,Pedro Jorge Simon,Pedro Simon,MDB,NA
senado,Masculino,5010,José Pedro Gonçalves Taques,Pedro Taques,PDT,NA
senado,Masculino,2190,Pedro Henrique Teixeira,Pedro Teixeira,NA,NA
senado,Masculino,121,Pedro Ubirajara de Oliveira,Pedro Ubirajara,MDB,NA
senado,Masculino,2860,Antonio Pereira Diniz,Pereira Diniz,NA,NA
senado,Masculino,4927,Péricles Ferreira Olivier de Paula,Pericles Olivier,PP,NA
senado,Masculino,1696,Francisco Pessoa de Queiroz,Pessoa de Queiroz,NA,NA
senado,Masculino,2199,Petrônio Portella Nunes,Petrônio Portella,NA,NA
senado,Masculino,2976,Luiz Pinto Ferreira,Pinto Ferreira,NA,NA
senado,Masculino,4606,José Eleonildo Soares,Pinto Itamaraty,PSDB,NA
senado,Masculino,5922,Plinio Destro,Plinio Destro,NA,NA
senado,Masculino,5502,Francisco Plínio Valério Tomaz,Plínio Valério,PSDB,AM
senado,Masculino,2221,Roberto Pompeu de Sousa Brasil,Pompeu de Sousa,NA,NA
senado,Masculino,5936,Carlos Francisco Portinho,Portinho,NA,NA
senado,Masculino,2847,Annibal di Primio Beck,Primio Beck,NA,NA
senado,Masculino,5971,Prisco Rodrigues Bezerra,Prisco Bezerra,NA,NA
senado,Masculino,1825,João Prisco dos Santos,Prisco dos Santos,NA,NA
senado,Feminino,5984,Terezinha Bazé de Lima,Professora Bazé,NA,NA
senado,Masculino,3006,Péricles Pedro da Silva,Péricles Pedro,NA,NA
senado,Masculino,3007,Péricles Pinto da Silva,Péricles Pinto,NA,NA
senado,Masculino,145,Péricles Vilhena,Péricles Vilhena,NA,NA
senado,Masculino,3010,Raymundo Públio Bandeira de Mello,Públio de Mello,NA,NA
senado,Masculino,5913,Cicero Rafael Tenorio da Silva,Rafael Tenorio,NA,NA
senado,Masculino,1206,João Raimundo Colombo,Raimundo Colombo,DEM,NA
senado,Masculino,2207,Raimundo Lira,Raimundo Lira,PSD,NA
senado,Masculino,93,Raimundo Lopes de Mélo,Raimundo Lopes de Mélo,NA,NA
senado,Masculino,4551,Raimundo Noronha Filho,Raimundo Noronha Filho,NA,NA
senado,Masculino,2206,Raimundo Gomes de Araújo Parente,Raimundo Parente,NA,NA
senado,Masculino,108,Raimundo Vieira da Silva Lisboa,Raimundo Vieira da Silva Lisboa,NA,NA
senado,Masculino,69,Ramez Tebet,Ramez Tebet,NA,NA
senado,Masculino,5012,Randolph Frederich Rodrigues Alves,Randolfe Rodrigues,REDE,AP
senado,Masculino,2210,Raul Giuberti,Raul Giuberti,NA,NA
senado,Masculino,5072,Reditario Cassol,Reditario Cassol,PP,NA
senado,Feminino,128,Regina Maria D'Assumpção,Regina Assumpção,NA,NA
senado,Feminino,5182,Maria Regina Sousa,Regina Sousa,PT,NA
senado,Masculino,139,José Reginaldo Duarte,Reginaldo Duarte,PSDB,NA
senado,Masculino,2214,Reginaldo Fernandes de Oliveira,Reginaldo Fernandes,NA,NA
senado,Feminino,6018,Reginete Souza Bispo,Reginete Bispo,NA,NA
senado,Masculino,3639,Regis Velasco Fichtner Pereira,Regis Fichtner,MDB,NA
senado,Masculino,5236,José Antônio Machado Reguffe,Reguffe,S/Partido,DF
senado,Masculino,3580,Remi Ribeiro Oliveira,Remi Ribeiro,MDB,NA
senado,Masculino,3011,Remy Bayma Archer da Silva,Remy Archer,NA,NA
senado,Masculino,70,José Renan Vasconcelos Calheiros,Renan Calheiros,MDB,AL
senado,Feminino,5934,Renata Cordeiro Guerra,Renata Guerra,NA,NA
senado,Masculino,3868,José Renato Casagrande,Renato Casagrande,PSB,NA
senado,Masculino,142,Renato Cunha Lima,Renato Cunha Lima,NA,NA
senado,Masculino,1826,João Renato Franco,Renato Franco,NA,NA
senado,Masculino,3012,Renato Ramos da Silva,Renato Silva,NA,NA
senado,Feminino,5561,Renilde Silva Bulhões Barros,Renilde Bulhões,PROS,AL
senado,Masculino,1049,Manoel Elias de Santana,Renildo Santana,NA,NA
senado,Masculino,5257,Renzo do Amaral Braz,Renzo Braz,PP,NA
senado,Masculino,1086,José de Ribamar Fiquene,Ribamar Fiquene,MDB,NA
senado,Masculino,2862,Antônio Ribeiro Casado,Ribeiro Casado,NA,NA
senado,Masculino,635,Ricardo de Rezende Ferraço,Ricardo Ferraço,PSDB,NA
senado,Masculino,5635,Ricardo Barreto Franco,Ricardo Franco,DEM,NA
senado,Masculino,156,Ricardo Ferreira Santos,Ricardo Santos,PSDB,NA
senado,Masculino,5892,Raimundo Roberth Bringel Martins,Roberth Bringel,DEM,NA
senado,Masculino,3631,Roberto Cavalcanti Ribeiro,Roberto Cavalcanti,PRB,NA
senado,Masculino,3587,Roberto Chaves Pandolfi,Roberto Chaves,NA,NA
senado,Feminino,129,Roberto Faria de Medeiros,Roberto Faria de Medeiros,NA,NA
senado,Masculino,71,Roberto João Pereira Freire,Roberto Freire,CIDADANIA,NA
senado,Masculino,5052,Roberto de Oliveira Muniz,Roberto Muniz,PP,NA
senado,Masculino,72,Roberto Requião de Mello e Silva,Roberto Requião,MDB,NA
senado,Masculino,677,Roberto Coelho Rocha,Roberto Rocha,PSDB,MA
senado,Masculino,1026,Roberto Saturnino Braga,Roberto Saturnino,PT,NA
senado,Masculino,5098,Roberto Wagner Monteiro,Roberto Wagner Monteiro,PRB,NA
senado,Masculino,1045,Robinson Koury Viana da Silva,Robinson Viana,MDB,NA
senado,Masculino,5986,Rodolfo Oliveira Nogueira,Rodolfo Nogueira,NA,NA
senado,Masculino,1085,Rodolpho Tourinho Neto,Rodolpho Tourinho,NA,NA
senado,Masculino,5905,Rodrigo Santos Cunha,Rodrigo Cunha,PSDB,AL
senado,Masculino,3014,Rodrigo de Oliveira Lobo,Rodrigo Lobo,NA,NA
senado,Masculino,5732,Rodrigo Otavio Soares Pacheco,Rodrigo Pacheco,DEM,MG
senado,Masculino,4593,Rodrigo Sobral Rollemberg,Rodrigo Rollemberg,PSB,NA
senado,Masculino,5110,Manoel Antônio Rodrigues Palma,Rodrigues Palma,PL,NA
senado,Masculino,5352,Rogério Carvalho Santos,Rogério Carvalho,PT,SE
senado,Masculino,73,Romero Jucá Filho,Romero Jucá,MDB,NA
senado,Masculino,74,Romeu Tuma,Romeu Tuma,PTB,NA
senado,Masculino,5322,Romario de Souza Faria,Romário,PODEMOS,RJ
senado,Masculino,1978,José Ronaldo Aragão,Ronaldo Aragão,NA,NA
senado,Masculino,456,Ronaldo Ramos Caiado,Ronaldo Caiado,DEM,NA
senado,Masculino,75,Ronaldo José da Cunha Lima,Ronaldo Cunha Lima,NA,NA
senado,Masculino,5945,Ronaldo Libardi,Ronaldo Libardi,NA,NA
senado,Masculino,2224,Ronan Tito de Almeida,Ronan Tito,MDB,NA
senado,Masculino,5601,Roosevelt Vita,Roosevelt Vita,MDB,NA
senado,Feminino,4543,Rosalba Ciarlini Rosado,Rosalba Ciarlini,DEM,NA
senado,Feminino,5944,Rosana Marcia Foerste da Silva,Rosana Foerst,NA,NA
senado,Feminino,2331,Rosilda de Freitas,Rose de Freitas,PODEMOS,ES
senado,Feminino,3359,Roseana Sarney Murad,Roseana Sarney,MDB,NA
senado,Feminino,100,Roseni das Graças Silva Soares,Roseni das Graças Silva Soares,NA,NA
senado,Feminino,5911,Maria do Rosário de Fátima Biserra Rodrigues,Rosário Bezerra,NA,NA
senado,Masculino,4893,Ruben Figueiró de Oliveira,Ruben Figueiró,PSDB,NA
senado,Masculino,5621,Rudson Leite da Silva,Rudson Leite,PV,NA
senado,Masculino,2226,Rui Soares Palmeira,Rui Palmeira,NA,NA
senado,Masculino,4985,Rui Parra Motta,Rui Parra Motta,NA,NA
senado,Masculino,1864,Joaquim Ruy Paulilo Bacelar,Ruy Bacelar,MDB,NA
senado,Masculino,2228,Ruy Carneiro,Ruy Carneiro,NA,NA
senado,Masculino,2229,Ruy Santos,Ruy Santos,NA,NA
senado,Masculino,3646,Sadi Cassol,Sadi Cassol,PT,NA
senado,Masculino,2203,Rachid Saldanha Derzi,Saldanha Derzi,NA,NA
senado,Masculino,4849,Salomão Alcolumbre,Salomão Alcolumbre,NA,NA
senado,Masculino,4847,Salomão Alcolumbre Júnior,Salomão Alcolumbre Júnior,MDB,NA
senado,Masculino,3017,Salviano Leite Rolim,Salviano Leite,NA,NA
senado,Masculino,6021,Samuel Pereira de Araujo,Samuel Araujo,NA,NA
senado,Masculino,5074,Sander Fraxe Salomao,Sander Fraxe Salomao,MDB,NA
senado,Feminino,5038,Sandra Backsmann Braga,Sandra Braga,MDB,NA
senado,Feminino,198,Sandra Zanatta Guidi,Sandra Guidi,NA,NA
senado,Feminino,3623,Sandra Melon de Paula,Sandra Melon de Paula,NA,NA
senado,Feminino,117,Sandro Fabi,Sandro Fabi,NA,NA
senado,Masculino,5172,Sanny Japiassú dos Santos,Sanny Japiassú dos Santos,MDB,NA
senado,Masculino,5974,Reginauro Sousa Nascimento,Sargento Reginaldo,NA,NA
senado,Masculino,2230,Saulo Saul Ramos,Saulo Ramos,NA,NA
senado,Masculino,5583,Schariff Moyses,Schariff Moyses,PSDB,NA
senado,Masculino,2231,Sebastião Archer da Silva,Sebastião Archer,NA,NA
senado,Masculino,76,Sebastião Ferreira da Rocha,Sebastião Bala Rocha,SD,NA
senado,Masculino,3617,Sebastião Cristovan Fortes Magalhães,Sebastião Cristovan,NA,NA
senado,Masculino,1092,Sebastião Riêra,Sebastião Riêra,NA,NA
senado,Feminino,3645,Selma Elias Westphal,Selma Elias,MDB,NA
senado,Masculino,735,Severino Sérgio Estelita Guerra,Sergio Guerra,PSDB,NA
senado,Masculino,5048,Sergio de Souza,Sergio Souza,MDB,NA
senado,Feminino,3362,Serys Marly Slhessarenko,Serys Slhessarenko,PT,NA
senado,Masculino,5611,Severino Nunes de Araujo,Severino Araujo,PSB,NA
senado,Masculino,5563,Severino Barboza Leão,Severino Leão,PTB,NA
senado,Masculino,1143,Severino Lúcio da Silva,Severino Lúcio,NA,NA
senado,Masculino,3592,Severo Maria Eulálio Filho,Severo Maria,NA,NA
senado,Masculino,5014,Shydney Jorge Rosa,Shydney Jorge Rosa,NA,NA
senado,Masculino,3532,Sebastião Machado Oliveira,Sibá Machado,PT,NA
senado,Masculino,2237,Sigefredo Pacheco,Sigeffredo Pacheco,NA,NA
senado,Masculino,143,José Carlos da Silva Júnior,Silva Júnior,NA,NA
senado,Feminino,5916,Silvania Batinga de Oliveira Barbosa,Silvania Barbosa,NA,NA
senado,Masculino,2241,Silvestre Péricles de Góes Monteiro,Silvestre Péricles,NA,NA
senado,Masculino,5056,Silvia Nascimento Cardoso dos Santos Cerqueira,Silvia Nascimento Cardoso dos Santos Cerqueira,PRB,NA
senado,Masculino,2239,Silvério Del Caro,Silvério Del Caro,NA,NA
senado,Feminino,5527,Simone Nassar Tebet,Simone Tebet,MDB,MS
senado,Masculino,6005,Jose Wilson Siqueira Campos,Siqueira Campos,DEM,TO
senado,Masculino,4957,Luiz Fernando de Abreu Sodré Santoro,Sodré Santoro,PTB,NA
senado,Feminino,5988,Soraya Vieira Thronicke,Soraya Thronicke,PSL,MS
senado,Masculino,1356,Abilon de Souza Naves,Souza Naves,NA,NA
senado,Masculino,5959,Eann Styvenson Valentim Mendes,Styvenson Valentim,PODEMOS,RN
senado,Masculino,5893,Suely Torres e Silva,Suely Pereira,NA,NA
senado,Feminino,5995,Maria Suely Alves de Oliveira Santiago,Suely Santiago,NA,NA
senado,Masculino,4959,Sumaia Marly Salomão Wilt,Sumaia Marly Salomão Wilt,NA,NA
senado,Masculino,2242,Sylvio Curvo,Sylvio Curvo,NA,NA
senado,Masculino,1672,Francisco de Sá Tinoco,Sá Tinoco,NA,NA
senado,Masculino,3365,Sérgio de Oliveira Cabral Santos Filho,Sérgio Cabral,MDB,NA
senado,Masculino,77,José Sérgio de Oliveira Machado,Sérgio Machado,MDB,NA
senado,Masculino,2234,Sérgio Bezerra Marinho,Sérgio Marinho,NA,NA
senado,Masculino,624,Aluísio Sérgio Novais Eleutério,Sérgio Novais,PSB,NA
senado,Masculino,4560,Sérgio de Oliveira Cunha,Sérgio Petecão,PSD,AC
senado,Masculino,3375,Sérgio Pedro Zambiasi,Sérgio Zambiasi,PTB,NA
senado,Masculino,5106,Sérgio Rogério de Castro,Sérgio de Castro,PDT,NA
senado,Masculino,2243,Taciano Gomes de Mello,Taciano de Mello,NA,NA
senado,Masculino,2244,Tancredo de Almeida Neves,Tancredo Neves,NA,NA
senado,Masculino,2245,Tarcísio de Almeida Miranda,Tarcísio Miranda,NA,NA
senado,Masculino,2246,Tarso de Moraes Dutra,Tarso Dutra,NA,NA
senado,Masculino,3396,Tasso Ribeiro Jereissati,Tasso Jereissati,PSDB,CE
senado,Masculino,1330,Jerônimo Tasso de Góis Rosado,Tasso Rosado,PTB,NA
senado,Masculino,94,Telmo Camilo Vieira,Telmo Vieira,NA,NA
senado,Masculino,5535,Telmário Mota de Oliveira,Telmário Mota,PROS,RR
senado,Masculino,2247,Teotonio Brandão Vilela,Teotonio Vilela,NA,NA
senado,Masculino,78,Teotonio Brandão Vilela Filho,Teotonio Vilela Filho,PSDB,NA
senado,Masculino,6004,Terciliano Gomes Araujo,Terciliano Gomes,NA,NA
senado,Feminino,1047,Thelma Menezes Siqueira Campos Lourenço,Thelma Siqueira Campos,NA,NA
senado,Masculino,5629,Theodorico Bezerra Netto,Theodorico Netto,PT,NA
senado,Masculino,5619,Thieres Pinto de Mesquita Filho,Thieres Pinto,PTB,NA
senado,Masculino,438,Tilden José Santiago,Tilden Santiago,PSB,NA
senado,Masculino,982,Sebastião Afonso Viana Macedo Neves,Tião Viana,PT,NA
senado,Masculino,4790,Tobias José Carneiro,Tobias José Carneiro,NA,NA
senado,Masculino,4949,Tomás Guilherme Correia,Tomás Correia,MDB,NA
senado,Masculino,206,José Antônio Totó Aires Cavalcante,Totó Cavalcante,NA,NA
senado,Masculino,5068,Tânia Cristina Magalhães Bastos e Silva,Tânia Cristina Magalhães Bastos e Silva,PRB,NA
senado,Masculino,5420,Ubiraci Picanço,Ubiraci Picanço,NA,NA
senado,Masculino,3618,Uilton José Tavares,Uilton José,NA,NA
senado,Masculino,144,Ulisses Riedel de Resende,Ulisses Riedel,PSB,NA
senado,Feminino,204,Valdiolanda Teófilo Assis Nunes Leite,Valdiolanda Teófilo,PT,NA
senado,Masculino,375,Valdir Ganzer,Valdir Ganzer,PT,NA
senado,Masculino,3372,Valdir Raupp de Matos,Valdir Raupp,MDB,NA
senado,Masculino,3092,Valdomiro Távora,Valdomiro Távora,NA,NA
senado,Masculino,3023,Valdon Varjão,Valdon Varjão,NA,NA
senado,Masculino,1050,Valmir Antônio Amaral,Valmir Amaral,PTB,NA
senado,Masculino,79,Antônio Valmir Campelo Bezerra,Valmir Campelo,NA,NA
senado,Masculino,4845,Valquíria Alves Brandão César,Valquíria Alves Brandão César,NA,NA
senado,Masculino,3629,Valter Pereira de Oliveira,Valter Pereira,MDB,NA
senado,Masculino,5130,Valério Djalma Cavalcanti Marinho,Valério Djalma Cavalcanti Marinho,PSDB,NA
senado,Masculino,5899,Vanderlan Vieira Cardoso,Vanderlan Cardoso,PP,GO
senado,Feminino,558,Vanessa Grazziotin,Vanessa Grazziotin,PCdoB,NA
senado,Masculino,1096,Vasco Fernande Furlan,Vasco Furlan,NA,NA
senado,Masculino,1785,João Batista de Vasconcelos Torres,Vasconcelos Torres,NA,NA
senado,Masculino,5748,Veneziano Vital do Rêgo Segundo Neto,Veneziano Vital do Rêgo,PSB,PB
senado,Masculino,3024,Venâncio Pessoa Igrejas Lopes,Venâncio Igrejas,NA,NA
senado,Masculino,5084,Veridiana Maria Tonini,Veridiana Maria Tonini,PT,NA
senado,Masculino,3025,Vicente Férrer Augusto Lima,Vicente Augusto,NA,NA
senado,Masculino,2267,Vicente Emílio Vuolo,Vicente Vuolo,NA,NA
senado,Masculino,113,Vicente da Riva,Vicente da Riva,NA,NA
senado,Masculino,1098,Vicente Paulo da Silva,Vicentinho,PT,NA
senado,Masculino,4763,Vicente Alves de Oliveira,Vicentinho Alves,PL,NA
senado,Masculino,187,Victor Sadek Filho,Victor Sadek Filho,NA,NA
senado,Masculino,2961,José Victorino Corrêa,Victorino Corrêa,NA,NA
senado,Masculino,2269,Victorino de Britto Freire,Victorino Freire,NA,NA
senado,Masculino,2914,Hamilton Vilela de Magalhães,Vilela de Magalhães,NA,NA
senado,Masculino,5919,Vilson Vilmar Basso,Vilson Basso,NA,NA
senado,Masculino,80,Vilson Pedro Kleinubing,Vilson Kleinübing,NA,NA
senado,Masculino,4786,Virginio José de Carvalho Neto,Virginio de Carvalho,PSC,NA
senado,Masculino,2272,Virgílio de Moraes Fernandes Távora,Virgílio Távora,NA,NA
senado,Masculino,4645,Vital do Rêgo Filho,Vital do Rêgo,MDB,NA
senado,Masculino,791,Vivaldo Vieira Barbosa,Vivaldo Barbosa,PSB,NA
senado,Masculino,2274,Vivaldo Palma Lima Filho,Vivaldo Lima,NA,NA
senado,Masculino,147,Wagner Bustolo Pacheco,Wagner Bustolo Pacheco,NA,NA
senado,Masculino,81,Waldeck Vieira Ornelas,Waldeck Ornelas,NA,NA
senado,Masculino,1990,José Waldemar de Alcântara e Silva,Waldemar Alcântara,NA,NA
senado,Masculino,155,Waldemar Borges Rodrigues,Waldemar Borges Rodrigues,NA,NA
senado,Masculino,5914,Waldemar de Andrada Ignácio de Oliveira,Waldemar Oliveira,NA,NA
senado,Masculino,2276,Waldemar de Moura Santos,Waldemar Santos,NA,NA
senado,Masculino,5082,Waldemir Catanho de Sena Júnior,Waldemir Catanho de Sena Júnior,PT,NA
senado,Masculino,1176,Waldemir Moka Miranda de Britto,Waldemir Moka,MDB,NA
senado,Masculino,3027,Waldir Bouhid,Waldir Bouhid,NA,NA
senado,Masculino,3028,Walfredo Dantas Gurgel,Walfredo Gurgel,NA,NA
senado,Masculino,1099,Walter Natalino Sorrentino,Walter Natalino,NA,NA
senado,Masculino,604,Walter de Freitas Pinheiro,Walter Pinheiro,S/Partido,NA
senado,Masculino,3627,Wanderley Antonio Pignati,Wanderley A.,NA,NA
senado,Masculino,5016,José Wellington Barroso de Araujo Dias,Wellington Dias,PT,NA
senado,Masculino,1173,Wellington Antonio Fagundes,Wellington Fagundes,PL,MT
senado,Masculino,140,José Wellington Roberto,Wellington Roberto,PL,NA
senado,Masculino,3583,Wellington Salgado de Oliveira,Wellington Salgado,MDB,NA
senado,Masculino,5411,Weverton Rocha Marques de Sousa,Weverton,PDT,MA
senado,Masculino,5070,Wilder Pedro de Morais,Wilder Morais,DEM,NA
senado,Masculino,5096,Wilmar Lacerda,Wilmar Lacerda,PDT,NA
senado,Masculino,2283,Wilson de Queiroz Campos,Wilson Campos,NA,NA
senado,Masculino,2284,Wilson Gonçalves,Wilson Gonçalves,NA,NA
senado,Masculino,2282,Wilson Barbosa Martins,Wilson Martins,NA,NA
senado,Masculino,4772,Wilson de Matos Silva,Wilson Matos,PSDB,NA
senado,Masculino,3811,José Wilson Santiago,Wilson Santiago,PTB,NA
senado,Masculino,3597,Wirlande Santos da Luz,Wirlande da Luz,MDB,NA
senado,Masculino,1377,Alexandre Zacharias de Assumpção,Zacharias de Assumpção,NA,NA
senado,Masculino,114,Zanete Ferreira Cardinal,Zanete Cardinal,NA,NA
senado,Feminino,5783,Zenaide Maia Calado Pereira dos Santos,Zenaide Maia,PROS,RN
senado,Masculino,3806,José da Cruz Marinho,Zequinha Marinho,PSC,PA
senado,Masculino,5144,José Perrella de Oliveira Costa,Zeze Perrella,MDB,NA
senado,Masculino,5118,Zonir Freitas Tetila,Zonir Freitas Tetila,PT,NA
senado,Masculino,5184,José Ribamar Noleto de Santana,Zé Santana,MDB,NA
senado,Masculino,2836,Álano Barcelos,Álano Barcelos,NA,NA
senado,Masculino,2845,Álvaro Luiz Bocayuva Catão,Álvaro Catão,NA,NA
senado,Masculino,1396,Álvaro Botelho Maia,Álvaro Maia,NA,NA
senado,Feminino,4697,Ângela Maria Gomes Portela,Ângela Portela,PDT,NA
senado,Masculino,3604,Élber Batalha Góes,Élber Batalha,NA,NA
senado,Feminino,1042,Íris de Araújo Rezende Machado,Íris de Araújo,MDB,NA
